Country,WHOREGION,FLUREGION,Year,Week,SDATE,EDATE,SPEC_RECEIVED_NB,SPEC_PROCESSED_NB,AH1,AH1N12009,AH3,AH5,ANOTSUBTYPED,INF_A,BYAMAGATA,BVICTORIA,BNOTDETERMINED,INF_B,ALL_INF,ALL_INF2,TITLE
United States of America,Region of the Americas of WHO,North America,2010,1,1/4/10,1/10/10,9600,9600,0,266,0,0,92,358,0,0,8,8,366,,Local Outbreak
United States of America,Region of the Americas of WHO,North America,2010,2,1/11/10,1/17/10,8678,8678,1,261,2,0,120,384,0,0,12,12,396,,Local Outbreak
United States of America,Region of the Americas of WHO,North America,2010,3,1/18/10,1/24/10,8626,8626,0,317,1,0,126,444,0,0,3,3,447,,Local Outbreak
United States of America,Region of the Americas of WHO,North America,2010,4,1/25/10,1/31/10,8622,8622,0,268,3,0,122,393,0,0,9,9,402,,Sporadic
United States of America,Region of the Americas of WHO,North America,2010,5,2/1/10,2/7/10,8485,8485,0,290,0,0,108,398,0,0,6,6,404,,Local Outbreak
United States of America,Region of the Americas of WHO,North America,2010,6,2/8/10,2/14/10,8270,8270,0,238,0,0,114,352,0,0,9,9,361,,Local Outbreak
United States of America,Region of the Americas of WHO,North America,2010,7,2/15/10,2/21/10,8463,8463,0,260,0,0,114,374,0,0,6,6,380,,Local Outbreak
United States of America,Region of the Americas of WHO,North America,2010,8,2/22/10,2/28/10,8106,8106,0,316,1,0,104,421,0,0,3,3,424,,Local Outbreak
United States of America,Region of the Americas of WHO,North America,2010,9,3/1/10,3/7/10,7620,7620,0,338,0,0,102,440,0,0,5,5,445,,Local Outbreak
United States of America,Region of the Americas of WHO,North America,2010,10,3/8/10,3/14/10,7525,7525,0,359,0,0,102,461,0,0,14,14,475,,Local Outbreak
United States of America,Region of the Americas of WHO,North America,2010,11,3/15/10,3/21/10,6500,6500,0,259,1,0,87,347,0,0,4,4,351,,Local Outbreak
United States of America,Region of the Americas of WHO,North America,2010,12,3/22/10,3/28/10,5645,5645,0,178,1,0,58,237,0,0,9,9,246,,Local Outbreak
United States of America,Region of the Americas of WHO,North America,2010,13,3/29/10,4/4/10,5285,5285,0,167,1,0,64,232,0,0,5,5,237,,Sporadic
United States of America,Region of the Americas of WHO,North America,2010,14,4/5/10,4/11/10,4567,4567,0,96,1,0,30,127,0,0,0,0,127,,Sporadic
United States of America,Region of the Americas of WHO,North America,2010,15,4/12/10,4/18/10,3993,3993,0,56,1,0,20,77,0,0,2,2,79,,Sporadic
United States of America,Region of the Americas of WHO,North America,2010,16,4/19/10,4/25/10,3816,3816,0,17,2,0,27,46,0,0,6,6,52,,Sporadic
United States of America,Region of the Americas of WHO,North America,2010,17,4/26/10,5/2/10,3754,3754,0,16,0,0,13,29,0,0,8,8,37,,Sporadic
United States of America,Region of the Americas of WHO,North America,2010,18,5/3/10,5/9/10,3142,3142,0,20,1,0,9,30,0,0,1,1,31,,Sporadic
United States of America,Region of the Americas of WHO,North America,2010,19,5/10/10,5/16/10,2845,2845,0,6,2,0,15,23,0,0,3,3,26,,Sporadic
United States of America,Region of the Americas of WHO,North America,2010,20,5/17/10,5/23/10,2921,2921,0,7,1,0,7,16,0,0,3,3,19,,Sporadic
United States of America,Region of the Americas of WHO,North America,2010,21,5/24/10,5/30/10,2711,2711,0,0,0,0,6,6,0,0,2,2,8,,Sporadic
United States of America,Region of the Americas of WHO,North America,2010,22,5/31/10,6/6/10,2196,2196,0,3,0,0,3,6,0,0,2,2,8,,Sporadic
United States of America,Region of the Americas of WHO,North America,2010,23,6/7/10,6/13/10,2190,2190,0,1,1,0,3,5,0,0,3,3,8,,Sporadic
United States of America,Region of the Americas of WHO,North America,2010,24,6/14/10,6/20/10,2077,2077,0,1,4,0,2,7,0,0,4,4,11,,Sporadic
United States of America,Region of the Americas of WHO,North America,2010,25,6/21/10,6/27/10,1975,1975,0,3,4,0,4,11,0,0,0,0,11,,Sporadic
United States of America,Region of the Americas of WHO,North America,2010,26,6/28/10,7/4/10,1846,1846,0,1,1,0,4,6,0,0,1,1,7,,Sporadic
United States of America,Region of the Americas of WHO,North America,2010,27,7/5/10,7/11/10,1623,1623,0,0,3,0,1,4,0,0,0,0,4,,Sporadic
United States of America,Region of the Americas of WHO,North America,2010,28,7/12/10,7/18/10,1634,1634,0,1,6,0,1,8,0,0,2,2,10,,Sporadic
United States of America,Region of the Americas of WHO,North America,2010,29,7/19/10,7/25/10,1589,1589,0,2,2,0,4,8,0,0,4,4,12,,Sporadic
United States of America,Region of the Americas of WHO,North America,2010,30,7/26/10,8/1/10,1706,1760,0,1,13,0,5,19,0,0,5,5,24,,Sporadic
United States of America,Region of the Americas of WHO,North America,2010,31,8/2/10,8/8/10,1559,1559,0,4,9,0,4,17,0,0,2,2,19,,Sporadic
United States of America,Region of the Americas of WHO,North America,2010,32,8/9/10,8/15/10,1702,1702,0,7,10,0,5,22,0,0,10,10,32,,Sporadic
United States of America,Region of the Americas of WHO,North America,2010,33,8/16/10,8/22/10,1816,1816,0,5,11,0,2,18,0,0,3,3,21,,Sporadic
United States of America,Region of the Americas of WHO,North America,2010,34,8/23/10,8/29/10,2001,2001,0,10,17,0,10,37,0,0,8,8,45,,Sporadic
United States of America,Region of the Americas of WHO,North America,2010,35,8/30/10,9/5/10,2282,2282,0,7,11,0,10,28,0,0,6,6,34,,Sporadic
United States of America,Region of the Americas of WHO,North America,2010,36,9/6/10,9/12/10,2397,2397,0,9,16,0,14,39,0,0,7,7,46,,Sporadic
United States of America,Region of the Americas of WHO,North America,2010,37,9/13/10,9/19/10,2769,2769,0,5,30,0,15,50,0,0,14,14,64,,Sporadic
United States of America,Region of the Americas of WHO,North America,2010,38,9/20/10,9/26/10,2870,2870,0,0,28,0,18,46,0,0,21,21,67,,Sporadic
United States of America,Region of the Americas of WHO,North America,2010,39,9/27/10,10/3/10,3063,3063,0,2,17,0,23,42,0,0,20,20,62,,Sporadic
United States of America,Region of the Americas of WHO,North America,2010,40,10/4/10,10/10/10,3724,3724,0,7,17,0,30,54,0,0,23,23,77,,Sporadic
United States of America,Region of the Americas of WHO,North America,2010,41,10/11/10,10/17/10,4100,4100,0,13,36,0,43,92,0,0,36,36,128,,Sporadic
United States of America,Region of the Americas of WHO,North America,2010,42,10/18/10,10/24/10,4239,4239,0,8,35,0,53,96,0,0,45,45,141,,Sporadic
United States of America,Region of the Americas of WHO,North America,2010,43,10/25/10,10/31/10,4351,4351,0,13,55,0,47,115,0,0,53,53,168,,Sporadic
United States of America,Region of the Americas of WHO,North America,2010,44,11/1/10,11/7/10,4734,4734,0,12,61,0,68,141,0,0,106,106,247,,Sporadic
United States of America,Region of the Americas of WHO,North America,2010,45,11/8/10,11/14/10,5553,5553,0,15,78,0,95,188,0,0,164,164,352,,Sporadic
United States of America,Region of the Americas of WHO,North America,2010,46,11/15/10,11/21/10,5766,5766,0,23,121,0,109,253,0,0,238,238,491,,Sporadic
United States of America,Region of the Americas of WHO,North America,2010,47,11/22/10,11/28/10,5650,5650,0,11,153,0,158,322,0,0,266,266,588,,Local Outbreak
United States of America,Region of the Americas of WHO,North America,2010,48,11/29/10,12/5/10,6187,6187,0,34,181,0,133,348,0,0,261,261,609,,Sporadic
United States of America,Region of the Americas of WHO,North America,2010,49,12/6/10,12/12/10,6341,6341,0,46,356,0,131,533,0,0,310,310,843,,Sporadic
United States of America,Region of the Americas of WHO,North America,2010,50,12/13/10,12/19/10,7564,7564,0,83,547,0,278,908,0,0,530,530,1438,,Local Outbreak
United States of America,Region of the Americas of WHO,North America,2010,51,12/20/10,12/26/10,8000,8000,0,98,782,0,447,1327,0,0,671,671,1998,,Local Outbreak
United States of America,Region of the Americas of WHO,North America,2010,52,12/27/10,1/2/11,9088,9088,0,190,994,0,536,1720,0,0,655,655,2375,,Regional Outbreak
United States of America,Region of the Americas of WHO,North America,2011,1,1/3/11,1/9/11,10510,10510,0,328,1147,0,595,2070,0,0,575,575,2645,,Local Outbreak
United States of America,Region of the Americas of WHO,North America,2011,2,1/10/11,1/16/11,10251,10251,0,546,1194,0,689,2429,0,0,598,598,3027,,Local Outbreak
United States of America,Region of the Americas of WHO,North America,2011,3,1/17/11,1/23/11,11113,11113,0,816,1417,0,754,2987,0,0,737,737,3724,,Regional Outbreak
United States of America,Region of the Americas of WHO,North America,2011,4,1/24/11,1/30/11,12929,12929,0,1040,1481,0,953,3474,0,0,965,965,4439,,Widespread Outbreak
United States of America,Region of the Americas of WHO,North America,2011,5,1/31/11,2/6/11,13860,13860,0,1193,1449,0,1143,3785,0,0,1134,1134,4919,,Widespread Outbreak
United States of America,Region of the Americas of WHO,North America,2011,6,2/7/11,2/13/11,14670,14670,0,1235,1462,0,1206,3903,0,0,1183,1183,5086,,Widespread Outbreak
United States of America,Region of the Americas of WHO,North America,2011,7,2/14/11,2/20/11,16411,16411,0,1397,1531,0,1447,4375,0,0,1368,1368,5743,,Widespread Outbreak
United States of America,Region of the Americas of WHO,North America,2011,8,2/21/11,2/27/11,14466,14466,0,1138,1210,0,1048,3396,0,0,1203,1203,4599,,Widespread Outbreak
United States of America,Region of the Americas of WHO,North America,2011,9,2/28/11,3/6/11,12923,12923,0,939,969,0,765,2673,0,0,893,893,3566,,Widespread Outbreak
United States of America,Region of the Americas of WHO,North America,2011,10,3/7/11,3/13/11,11377,11377,0,664,798,0,517,1979,0,0,688,688,2667,,Widespread Outbreak
United States of America,Region of the Americas of WHO,North America,2011,11,3/14/11,3/20/11,9644,9644,0,435,580,0,380,1395,0,0,555,555,1950,,Regional Outbreak
United States of America,Region of the Americas of WHO,North America,2011,12,3/21/11,3/27/11,8378,8378,0,259,415,0,275,949,0,0,407,407,1356,,Local Outbreak
United States of America,Region of the Americas of WHO,North America,2011,13,3/28/11,4/3/11,6971,6971,0,161,263,0,174,598,0,0,285,285,883,,Sporadic
United States of America,Region of the Americas of WHO,North America,2011,14,4/4/11,4/10/11,6398,6398,0,87,197,0,93,377,0,0,252,252,629,,Sporadic
United States of America,Region of the Americas of WHO,North America,2011,15,4/11/11,4/17/11,5331,5331,0,46,140,0,58,244,0,0,149,149,393,,Sporadic
United States of America,Region of the Americas of WHO,North America,2011,16,4/18/11,4/24/11,4403,4403,0,30,56,0,28,114,0,0,79,79,193,,Sporadic
United States of America,Region of the Americas of WHO,North America,2011,17,4/25/11,5/1/11,3745,3745,0,9,26,0,29,64,0,0,61,61,125,,Sporadic
United States of America,Region of the Americas of WHO,North America,2011,18,5/2/11,5/8/11,3255,3255,0,11,18,0,10,39,0,0,23,23,62,,Sporadic
United States of America,Region of the Americas of WHO,North America,2011,19,5/9/11,5/15/11,3009,3009,0,2,11,0,11,24,0,0,14,14,38,,Sporadic
United States of America,Region of the Americas of WHO,North America,2011,20,5/16/11,5/22/11,2645,2645,0,0,5,0,4,9,0,0,10,10,19,,Sporadic
United States of America,Region of the Americas of WHO,North America,2011,21,5/23/11,5/29/11,2374,2374,0,2,4,0,6,12,0,0,4,4,16,,Sporadic
United States of America,Region of the Americas of WHO,North America,2011,22,5/30/11,6/5/11,2085,2085,0,1,0,0,6,7,0,0,5,5,12,,Sporadic
United States of America,Region of the Americas of WHO,North America,2011,23,6/6/11,6/12/11,1911,1911,0,0,0,0,1,1,0,0,4,4,5,,Sporadic
United States of America,Region of the Americas of WHO,North America,2011,24,6/13/11,6/19/11,1798,1798,0,2,1,0,6,9,0,0,0,0,9,,Sporadic
United States of America,Region of the Americas of WHO,North America,2011,25,6/20/11,6/26/11,1701,1701,0,0,0,0,0,0,0,0,2,2,2,,Sporadic
United States of America,Region of the Americas of WHO,North America,2011,26,6/27/11,7/3/11,1354,1354,0,2,0,0,1,3,0,0,1,1,4,,Sporadic
United States of America,Region of the Americas of WHO,North America,2011,27,7/4/11,7/10/11,1317,1317,0,2,1,0,1,4,0,0,1,1,5,,Sporadic
United States of America,Region of the Americas of WHO,North America,2011,28,7/11/11,7/17/11,1278,1278,0,0,3,0,0,3,0,0,3,3,6,,Sporadic
United States of America,Region of the Americas of WHO,North America,2011,29,7/18/11,7/24/11,1317,1317,0,0,3,0,0,3,0,0,5,5,8,,Sporadic
United States of America,Region of the Americas of WHO,North America,2011,30,7/25/11,7/31/11,1145,1145,0,0,0,0,2,2,0,0,1,1,3,,Sporadic
United States of America,Region of the Americas of WHO,North America,2011,31,8/1/11,8/7/11,1229,1229,0,3,2,0,3,8,0,0,2,2,10,,Sporadic
United States of America,Region of the Americas of WHO,North America,2011,32,8/8/11,8/14/11,1263,1263,0,0,3,0,6,9,0,0,2,2,11,,Sporadic
United States of America,Region of the Americas of WHO,North America,2011,33,8/15/11,8/21/11,1406,1406,0,2,5,0,5,13,0,0,3,3,16,,Sporadic
United States of America,Region of the Americas of WHO,North America,2011,34,8/22/11,8/28/11,1518,1518,0,0,5,0,6,12,0,0,5,5,17,,Sporadic
United States of America,Region of the Americas of WHO,North America,2011,35,8/29/11,9/4/11,1634,1634,0,2,2,0,9,13,0,0,1,1,14,,Sporadic
United States of America,Region of the Americas of WHO,North America,2011,36,9/5/11,9/11/11,1766,1766,0,1,3,0,7,11,0,0,2,2,13,,Sporadic
United States of America,Region of the Americas of WHO,North America,2011,37,9/12/11,9/18/11,1901,1901,0,0,6,0,11,17,0,0,2,2,19,,Sporadic
United States of America,Region of the Americas of WHO,North America,2011,38,9/19/11,9/25/11,2147,2147,0,0,4,0,9,13,0,0,7,7,20,,Sporadic
United States of America,Region of the Americas of WHO,North America,2011,39,9/26/11,10/2/11,2152,2152,0,1,10,0,10,21,0,0,5,5,26,,Sporadic
United States of America,Region of the Americas of WHO,North America,2011,40,10/3/11,10/9/11,3197,3197,0,3,14,0,7,24,0,0,9,9,33,,Sporadic
United States of America,Region of the Americas of WHO,North America,2011,41,10/10/11,10/16/11,3319,3319,0,0,9,0,2,11,0,0,8,8,19,,Sporadic
United States of America,Region of the Americas of WHO,North America,2011,42,10/17/11,10/23/11,3433,3433,0,2,10,0,8,20,0,0,8,8,28,,Sporadic
United States of America,Region of the Americas of WHO,North America,2011,43,10/24/11,10/30/11,3707,3707,0,0,12,0,19,31,0,0,12,12,43,,Sporadic
United States of America,Region of the Americas of WHO,North America,2011,44,10/31/11,11/6/11,4038,4038,0,1,17,0,11,29,0,0,9,9,38,,Sporadic
United States of America,Region of the Americas of WHO,North America,2011,45,11/7/11,11/13/11,4255,4255,0,2,15,0,17,34,0,0,15,15,49,,Sporadic
United States of America,Region of the Americas of WHO,North America,2011,46,11/14/11,11/20/11,4503,4503,0,0,15,0,17,32,0,0,11,11,43,,Sporadic
United States of America,Region of the Americas of WHO,North America,2011,47,11/21/11,11/27/11,4071,4071,0,3,23,0,29,55,0,0,20,20,75,,Sporadic
United States of America,Region of the Americas of WHO,North America,2011,48,11/28/11,12/4/11,4636,4636,0,2,32,0,22,56,0,0,17,17,73,,Sporadic
United States of America,Region of the Americas of WHO,North America,2011,49,12/5/11,12/11/11,4667,4667,0,5,38,0,43,86,0,0,20,20,106,,Sporadic
United States of America,Region of the Americas of WHO,North America,2011,50,12/12/11,12/18/11,4859,4859,0,4,78,0,28,110,0,0,19,19,129,,Sporadic
United States of America,Region of the Americas of WHO,North America,2011,51,12/19/11,12/25/11,4981,4981,0,7,104,0,57,168,0,0,24,24,192,,Sporadic
United States of America,Region of the Americas of WHO,North America,2011,52,12/26/11,1/1/12,5331,5331,0,4,107,0,47,158,0,0,17,17,175,,Local Outbreak
United States of America,Region of the Americas of WHO,North America,2012,1,1/2/12,1/8/12,5558,5558,0,16,101,0,38,155,0,0,22,22,177,,Sporadic
United States of America,Region of the Americas of WHO,North America,2012,2,1/9/12,1/15/12,5276,5276,0,31,138,0,45,214,0,0,15,15,229,,Sporadic
United States of America,Region of the Americas of WHO,North America,2012,3,1/16/12,1/22/12,5259,5259,0,50,195,0,50,295,0,0,17,17,312,,Sporadic
United States of America,Region of the Americas of WHO,North America,2012,4,1/23/12,1/29/12,5775,5775,0,84,256,0,96,436,0,0,30,30,466,,Sporadic
United States of America,Region of the Americas of WHO,North America,2012,5,1/30/12,2/5/12,5862,5862,0,124,365,0,128,617,0,0,41,41,658,,Local Outbreak
United States of America,Region of the Americas of WHO,North America,2012,6,2/6/12,2/12/12,6111,6111,0,164,419,0,159,742,0,0,55,55,797,,Local Outbreak
United States of America,Region of the Americas of WHO,North America,2012,7,2/13/12,2/19/12,6837,6837,0,220,506,0,255,981,0,0,69,69,1050,,Local Outbreak
United States of America,Region of the Americas of WHO,North America,2012,8,2/20/12,2/26/12,7110,7110,0,295,690,0,326,1311,0,0,75,75,1386,,Local Outbreak
United States of America,Region of the Americas of WHO,North America,2012,9,2/27/12,3/4/12,8029,8029,0,443,986,0,392,1821,0,0,107,107,1928,,Local Outbreak
United States of America,Region of the Americas of WHO,North America,2012,10,3/5/12,3/11/12,7979,7979,0,494,1221,0,451,2166,0,0,116,116,2282,,Local Outbreak
United States of America,Region of the Americas of WHO,North America,2012,11,3/12/12,3/18/12,8295,8295,0,574,1393,0,482,2449,0,0,197,197,2646,,Regional Outbreak
United States of America,Region of the Americas of WHO,North America,2012,12,3/19/12,3/25/12,7611,7611,0,436,1091,0,403,1930,0,0,241,241,2171,,Local Outbreak
United States of America,Region of the Americas of WHO,North America,2012,13,3/26/12,4/1/12,7037,7037,0,306,717,0,299,1322,0,0,239,239,1561,,Sporadic
United States of America,Region of the Americas of WHO,North America,2012,14,4/2/12,4/8/12,6250,6250,0,266,628,0,282,1176,0,0,270,270,1446,,Local Outbreak
United States of America,Region of the Americas of WHO,North America,2012,15,4/9/12,4/15/12,5918,5918,0,187,591,0,186,964,0,0,290,290,1254,,Local Outbreak
United States of America,Region of the Americas of WHO,North America,2012,16,4/16/12,4/22/12,5454,5454,0,123,548,0,173,844,0,0,313,313,1157,,Local Outbreak
United States of America,Region of the Americas of WHO,North America,2012,17,4/23/12,4/29/12,4650,4650,0,82,366,0,134,582,0,0,269,269,851,,Sporadic
United States of America,Region of the Americas of WHO,North America,2012,18,4/30/12,5/6/12,4194,4194,0,64,310,0,99,473,0,0,247,247,720,,Sporadic
United States of America,Region of the Americas of WHO,North America,2012,19,5/7/12,5/13/12,3779,3779,0,39,233,0,76,348,0,0,266,266,614,,Sporadic
United States of America,Region of the Americas of WHO,North America,2012,20,5/14/12,5/20/12,3564,3564,0,34,167,0,57,258,0,0,252,252,510,,Sporadic
United States of America,Region of the Americas of WHO,North America,2012,21,5/21/12,5/27/12,3470,3470,0,18,88,0,63,169,0,0,253,253,422,,Sporadic
United States of America,Region of the Americas of WHO,North America,2012,22,5/28/12,6/3/12,3015,3015,0,16,85,0,46,147,0,0,224,224,371,,Sporadic
United States of America,Region of the Americas of WHO,North America,2012,23,6/4/12,6/10/12,2986,2986,0,16,48,0,40,104,0,0,200,200,304,,Sporadic
United States of America,Region of the Americas of WHO,North America,2012,24,6/11/12,6/17/12,2724,2724,0,9,63,0,52,124,0,0,179,179,303,,Sporadic
United States of America,Region of the Americas of WHO,North America,2012,25,6/18/12,6/24/12,2343,2343,0,3,38,0,26,67,0,0,105,105,172,,Sporadic
United States of America,Region of the Americas of WHO,North America,2012,26,6/25/12,7/1/12,2116,2116,0,3,26,0,22,51,0,0,117,117,168,,Sporadic
United States of America,Region of the Americas of WHO,North America,2012,27,7/2/12,7/8/12,1817,1817,0,5,16,0,13,34,0,0,57,57,91,,Sporadic
United States of America,Region of the Americas of WHO,North America,2012,28,7/9/12,7/15/12,1908,1908,0,4,36,0,15,56,0,0,43,43,99,,Sporadic
United States of America,Region of the Americas of WHO,North America,2012,29,7/16/12,7/22/12,1933,1933,0,0,18,0,11,29,0,0,47,47,76,,Sporadic
United States of America,Region of the Americas of WHO,North America,2012,30,7/23/12,7/29/12,1927,1927,0,2,49,0,10,70,0,0,31,31,101,,Sporadic
United States of America,Region of the Americas of WHO,North America,2012,31,7/30/12,8/5/12,1939,1939,0,1,65,0,4,165,0,0,35,35,200,,Sporadic
United States of America,Region of the Americas of WHO,North America,2012,32,8/6/12,8/12/12,2118,2118,0,3,63,0,8,147,0,0,26,26,173,,Sporadic
United States of America,Region of the Americas of WHO,North America,2012,33,8/13/12,8/19/12,2236,2236,0,6,69,0,9,136,0,0,28,28,164,,Sporadic
United States of America,Region of the Americas of WHO,North America,2012,34,8/20/12,8/26/12,2392,2392,0,7,48,0,14,84,0,0,25,25,109,,Sporadic
United States of America,Region of the Americas of WHO,North America,2012,35,8/27/12,9/2/12,2444,2444,0,1,36,0,12,61,0,0,26,26,87,,Sporadic
United States of America,Region of the Americas of WHO,North America,2012,36,9/3/12,9/9/12,2598,2598,0,1,34,0,11,51,0,0,36,36,87,,Sporadic
United States of America,Region of the Americas of WHO,North America,2012,37,9/10/12,9/16/12,2909,2909,0,0,19,0,9,30,0,0,48,48,78,,Sporadic
United States of America,Region of the Americas of WHO,North America,2012,38,9/17/12,9/23/12,3123,3123,0,4,34,0,18,56,0,0,40,40,96,,Sporadic
United States of America,Region of the Americas of WHO,North America,2012,39,9/24/12,9/30/12,2476,2476,0,3,17,0,20,40,0,0,49,49,89,,Sporadic
United States of America,Region of the Americas of WHO,North America,2012,40,10/1/12,10/7/12,4345,4345,0,3,71,0,10,84,0,0,79,79,163,,Sporadic
United States of America,Region of the Americas of WHO,North America,2012,41,10/8/12,10/14/12,4716,4716,0,7,67,0,25,99,0,0,98,98,197,,Sporadic
United States of America,Region of the Americas of WHO,North America,2012,42,10/15/12,10/21/12,5009,5009,0,4,128,0,47,179,0,0,121,121,300,,Sporadic
United States of America,Region of the Americas of WHO,North America,2012,43,10/22/12,10/28/12,4913,4913,0,3,148,0,49,200,0,0,139,139,339,,Sporadic
United States of America,Region of the Americas of WHO,North America,2012,44,10/29/12,11/4/12,5149,5149,0,4,181,0,73,258,0,0,151,151,409,,Sporadic
United States of America,Region of the Americas of WHO,North America,2012,45,11/5/12,11/11/12,6134,6134,0,5,269,0,114,388,0,0,231,231,619,,Sporadic
United States of America,Region of the Americas of WHO,North America,2012,46,11/12/12,11/18/12,6365,6365,0,8,366,0,210,586,0,0,265,265,851,,Local Outbreak
United States of America,Region of the Americas of WHO,North America,2012,47,11/19/12,11/25/12,7115,7115,0,8,592,0,406,1006,0,0,362,362,1368,,Regional Outbreak
United States of America,Region of the Americas of WHO,North America,2012,48,11/26/12,12/2/12,8884,8884,0,17,992,0,532,1541,0,0,497,497,2038,,Regional Outbreak
United States of America,Region of the Americas of WHO,North America,2012,49,12/3/12,12/9/12,11471,11471,0,36,1739,0,979,2754,0,0,678,678,3432,,Widespread Outbreak
United States of America,Region of the Americas of WHO,North America,2012,50,12/10/12,12/16/12,13885,13885,0,49,2572,0,1141,3762,0,0,822,822,4584,,Widespread Outbreak
United States of America,Region of the Americas of WHO,North America,2012,51,12/17/12,12/23/12,15667,15667,0,54,3528,0,1251,4833,0,0,1096,1096,5929,,Widespread Outbreak
United States of America,Region of the Americas of WHO,North America,2012,52,12/24/12,12/30/12,16881,16881,0,78,3673,0,1532,5283,0,0,1162,1162,6445,,Widespread Outbreak
United States of America,Region of the Americas of WHO,North America,2013,1,12/31/12,1/6/13,18219,18219,0,84,3640,0,1653,5377,0,0,1097,1097,6474,,Widespread Outbreak
United States of America,Region of the Americas of WHO,North America,2013,2,1/7/13,1/13/13,20013,20013,0,96,3889,0,1767,5752,0,0,1145,1145,6897,,Widespread Outbreak
United States of America,Region of the Americas of WHO,North America,2013,3,1/14/13,1/20/13,19228,19228,0,113,3121,0,1624,4858,0,0,1078,1078,5936,,Widespread Outbreak
United States of America,Region of the Americas of WHO,North America,2013,4,1/21/13,1/27/13,17139,17139,0,129,2382,0,1528,4039,0,0,1091,1091,5130,,Widespread Outbreak
United States of America,Region of the Americas of WHO,North America,2013,5,1/28/13,2/3/13,14795,14795,0,122,1890,0,951,2963,0,0,1076,1076,4039,,Widespread Outbreak
United States of America,Region of the Americas of WHO,North America,2013,6,2/4/13,2/10/13,13259,13259,0,121,1181,0,706,2008,0,0,1051,1051,3059,,Widespread Outbreak
United States of America,Region of the Americas of WHO,North America,2013,7,2/11/13,2/17/13,11468,11468,0,69,798,0,486,1353,0,0,1032,1032,2385,,Widespread Outbreak
United States of America,Region of the Americas of WHO,North America,2013,8,2/18/13,2/24/13,10398,10398,0,74,548,0,363,985,0,0,1084,1084,2069,,Widespread Outbreak
United States of America,Region of the Americas of WHO,North America,2013,9,2/25/13,3/3/13,9499,9499,0,49,392,0,289,730,0,0,1046,1046,1776,,Widespread Outbreak
United States of America,Region of the Americas of WHO,North America,2013,10,3/4/13,3/10/13,8999,8999,0,61,301,0,200,562,0,0,1083,1083,1645,,Regional Outbreak
United States of America,Region of the Americas of WHO,North America,2013,11,3/11/13,3/17/13,8733,8733,0,41,202,0,191,434,0,0,1018,1018,1452,,Local Outbreak
United States of America,Region of the Americas of WHO,North America,2013,12,3/18/13,3/24/13,7849,7849,0,29,159,0,137,325,0,0,894,894,1219,,Local Outbreak
United States of America,Region of the Americas of WHO,North America,2013,13,3/25/13,3/31/13,6635,6635,0,31,98,0,92,221,0,0,732,732,953,,Local Outbreak
United States of America,Region of the Americas of WHO,North America,2013,14,4/1/13,4/7/13,6311,6311,0,31,120,0,101,252,0,0,641,641,893,,Local Outbreak
United States of America,Region of the Americas of WHO,North America,2013,15,4/8/13,4/14/13,5779,5779,0,44,67,0,63,174,0,0,457,457,631,,Local Outbreak
United States of America,Region of the Americas of WHO,North America,2013,16,4/15/13,4/21/13,5229,5229,0,27,73,0,43,143,0,0,311,311,454,,Local Outbreak
United States of America,Region of the Americas of WHO,North America,2013,17,4/22/13,4/28/13,4518,4518,0,33,61,0,46,140,0,0,239,239,379,,Sporadic
United States of America,Region of the Americas of WHO,North America,2013,18,4/29/13,5/5/13,4317,4317,0,15,54,0,29,98,0,0,195,195,293,,Sporadic
United States of America,Region of the Americas of WHO,North America,2013,19,5/6/13,5/12/13,3917,3917,0,12,36,0,27,75,0,0,174,174,249,,Sporadic
United States of America,Region of the Americas of WHO,North America,2013,20,5/13/13,5/19/13,3562,3562,0,11,24,0,19,54,0,0,120,120,174,,Sporadic
United States of America,Region of the Americas of WHO,North America,2013,21,5/20/13,5/26/13,3488,3488,0,13,18,0,21,52,0,0,109,109,161,,Sporadic
United States of America,Region of the Americas of WHO,North America,2013,22,5/27/13,6/2/13,3207,3207,0,14,14,0,28,56,0,0,92,92,148,,Sporadic
United States of America,Region of the Americas of WHO,North America,2013,23,6/3/13,6/9/13,3167,3167,0,10,12,0,29,51,0,0,78,78,129,,Sporadic
United States of America,Region of the Americas of WHO,North America,2013,24,6/10/13,6/16/13,2893,2893,0,20,12,0,32,64,0,0,62,62,126,,Sporadic
United States of America,Region of the Americas of WHO,North America,2013,25,6/17/13,6/23/13,2811,2811,0,5,10,0,31,48,0,0,47,47,95,,Sporadic
United States of America,Region of the Americas of WHO,North America,2013,26,6/24/13,6/30/13,2591,2591,0,6,5,0,21,38,0,0,27,27,65,,Sporadic
United States of America,Region of the Americas of WHO,North America,2013,27,7/1/13,7/7/13,2256,2256,0,6,12,0,22,44,0,0,23,23,67,,Sporadic
United States of America,Region of the Americas of WHO,North America,2013,28,7/8/13,7/14/13,2337,2337,0,6,27,0,33,66,0,0,13,13,79,,Sporadic
United States of America,Region of the Americas of WHO,North America,2013,29,7/15/13,7/21/13,2212,2212,0,5,12,0,24,42,0,0,14,14,56,,Sporadic
United States of America,Region of the Americas of WHO,North America,2013,30,7/22/13,7/28/13,2050,2050,0,11,10,0,29,51,0,0,9,9,60,,Sporadic
United States of America,Region of the Americas of WHO,North America,2013,31,7/29/13,8/4/13,2246,2246,0,8,14,0,31,55,0,0,20,20,75,,Sporadic
United States of America,Region of the Americas of WHO,North America,2013,32,8/5/13,8/11/13,2195,2195,0,14,11,0,26,51,0,0,12,12,63,,Sporadic
United States of America,Region of the Americas of WHO,North America,2013,33,8/12/13,8/18/13,1968,1968,0,13,3,0,32,48,0,0,10,10,58,,Sporadic
United States of America,Region of the Americas of WHO,North America,2013,34,8/19/13,8/25/13,2187,2187,0,9,4,0,41,55,0,0,3,3,58,,Sporadic
United States of America,Region of the Americas of WHO,North America,2013,35,8/26/13,9/1/13,2674,2674,0,39,3,0,67,110,0,0,10,10,120,,Sporadic
United States of America,Region of the Americas of WHO,North America,2013,36,9/2/13,9/8/13,2825,2825,0,23,5,0,73,101,0,0,12,12,113,,Sporadic
United States of America,Region of the Americas of WHO,North America,2013,37,9/9/13,9/15/13,3190,3190,0,48,7,0,60,115,0,0,7,7,122,,Sporadic
United States of America,Region of the Americas of WHO,North America,2013,38,9/16/13,9/22/13,3400,3400,0,32,7,0,56,95,0,0,22,22,117,,Sporadic
United States of America,Region of the Americas of WHO,North America,2013,39,9/23/13,9/29/13,3890,3890,0,49,10,0,56,115,0,0,22,22,137,,Sporadic
United States of America,Region of the Americas of WHO,North America,2013,40,9/30/13,10/6/13,4407,4407,0,64,10,0,84,159,0,0,26,26,185,,Sporadic
United States of America,Region of the Americas of WHO,North America,2013,41,10/7/13,10/13/13,5244,5244,0,57,21,0,115,193,0,0,28,28,221,,Sporadic
United States of America,Region of the Americas of WHO,North America,2013,42,10/14/13,10/20/13,5320,5320,0,34,12,0,104,150,0,0,25,25,175,,Sporadic
United States of America,Region of the Americas of WHO,North America,2013,43,10/21/13,10/27/13,5402,5402,0,65,16,0,102,183,0,0,14,14,197,,Sporadic
United States of America,Region of the Americas of WHO,North America,2013,44,10/28/13,11/3/13,5853,5853,0,74,24,0,135,233,0,0,41,41,274,,Sporadic
United States of America,Region of the Americas of WHO,North America,2013,45,11/4/13,11/10/13,6765,6765,0,150,28,0,173,351,0,0,43,43,394,,Local Outbreak
United States of America,Region of the Americas of WHO,North America,2013,46,11/11/13,11/17/13,6963,6963,0,265,25,0,191,481,0,0,39,39,520,,Local Outbreak
United States of America,Region of the Americas of WHO,North America,2013,47,11/18/13,11/24/13,7569,7569,0,417,20,0,211,648,0,0,55,55,703,,Local Outbreak
United States of America,Region of the Americas of WHO,North America,2013,48,11/25/13,12/1/13,7118,7118,0,465,28,0,330,823,0,0,40,40,863,,Local Outbreak
United States of America,Region of the Americas of WHO,North America,2013,49,12/2/13,12/8/13,9628,9628,0,899,30,0,726,1655,0,0,67,67,1722,,Local Outbreak
United States of America,Region of the Americas of WHO,North America,2013,50,12/9/13,12/15/13,9942,9942,0,1062,46,0,813,1921,0,0,47,47,1968,,Local Outbreak
United States of America,Region of the Americas of WHO,North America,2013,51,12/16/13,12/22/13,13165,13165,0,1996,50,0,1577,3623,0,0,62,62,3685,,Widespread Outbreak
United States of America,Region of the Americas of WHO,North America,2013,52,12/23/13,12/29/13,14631,14631,0,2663,39,0,1689,4391,0,0,87,87,4478,,Widespread Outbreak
United States of America,Region of the Americas of WHO,North America,2014,1,12/30/13,1/5/14,16955,16955,0,3317,79,0,1502,4898,0,0,84,84,4982,,Widespread Outbreak
United States of America,Region of the Americas of WHO,North America,2014,2,1/6/14,1/12/14,16829,16829,0,3204,104,0,1246,4554,0,0,82,82,4636,,Widespread Outbreak
United States of America,Region of the Americas of WHO,North America,2014,3,1/13/14,1/19/14,16051,16051,0,2907,107,0,1119,4133,0,0,110,110,4243,,Widespread Outbreak
United States of America,Region of the Americas of WHO,North America,2014,4,1/20/14,1/26/14,15130,15130,0,2341,118,0,1002,3461,0,0,152,152,3613,,Widespread Outbreak
United States of America,Region of the Americas of WHO,North America,2014,5,1/27/14,2/2/14,13460,13460,0,1735,77,0,743,2555,0,0,153,153,2708,,Widespread Outbreak
United States of America,Region of the Americas of WHO,North America,2014,6,2/3/14,2/9/14,12072,12072,0,1451,115,0,525,2091,0,0,198,198,2289,,Widespread Outbreak
United States of America,Region of the Americas of WHO,North America,2014,7,2/10/14,2/16/14,10991,10991,0,1056,91,0,466,1613,0,0,199,199,1812,,Widespread Outbreak
United States of America,Region of the Americas of WHO,North America,2014,8,2/17/14,2/23/14,10451,10451,0,741,85,0,327,1153,0,0,220,220,1373,,Widespread Outbreak
United States of America,Region of the Americas of WHO,North America,2014,9,2/24/14,3/2/14,9349,9349,0,454,85,0,250,789,0,0,237,237,1026,,Regional Outbreak
United States of America,Region of the Americas of WHO,North America,2014,10,3/3/14,3/9/14,8995,8995,0,390,99,0,204,693,0,0,281,281,974,,Regional Outbreak
United States of America,Region of the Americas of WHO,North America,2014,11,3/10/14,3/16/14,8282,8282,0,330,132,0,155,617,0,0,313,313,930,,Regional Outbreak
United States of America,Region of the Americas of WHO,North America,2014,12,3/17/14,3/23/14,7617,7617,0,187,149,0,181,517,0,0,402,402,919,,Regional Outbreak
United States of America,Region of the Americas of WHO,North America,2014,13,3/24/14,3/30/14,7327,7327,0,134,161,0,176,471,0,0,462,462,933,,Local Outbreak
United States of America,Region of the Americas of WHO,North America,2014,14,3/31/14,4/6/14,7024,7024,0,98,221,0,128,447,0,0,492,492,939,,Local Outbreak
United States of America,Region of the Americas of WHO,North America,2014,15,4/7/14,4/13/14,6661,6661,0,46,221,0,154,421,0,0,533,533,954,,Local Outbreak
United States of America,Region of the Americas of WHO,North America,2014,16,4/14/14,4/20/14,6167,6167,0,28,195,0,128,351,0,0,445,445,796,,Local Outbreak
United States of America,Region of the Americas of WHO,North America,2014,17,4/21/14,4/27/14,5521,5521,0,15,174,0,123,312,0,0,405,405,717,,Local Outbreak
United States of America,Region of the Americas of WHO,North America,2014,18,4/28/14,5/4/14,5571,5571,0,13,141,0,128,282,0,0,415,415,697,,Sporadic
United States of America,Region of the Americas of WHO,North America,2014,19,5/5/14,5/11/14,5221,5221,0,7,128,0,99,234,0,0,327,327,561,,Local Outbreak
United States of America,Region of the Americas of WHO,North America,2014,20,5/12/14,5/18/14,5044,5044,0,6,100,0,96,202,0,0,294,294,496,,Local Outbreak
United States of America,Region of the Americas of WHO,North America,2014,21,5/19/14,5/25/14,4544,4544,0,1,101,0,61,163,0,0,222,222,385,,Sporadic
United States of America,Region of the Americas of WHO,North America,2014,22,5/26/14,6/1/14,4516,4516,0,3,103,0,82,188,0,0,208,208,396,,Sporadic
United States of America,Region of the Americas of WHO,North America,2014,23,6/2/14,6/8/14,4063,4063,0,2,86,0,51,139,0,0,131,131,270,,Local Outbreak
United States of America,Region of the Americas of WHO,North America,2014,24,6/9/14,6/15/14,3963,3963,0,3,99,0,49,151,0,0,139,139,290,,Local Outbreak
United States of America,Region of the Americas of WHO,North America,2014,25,6/16/14,6/22/14,3694,3694,0,3,69,0,43,115,0,0,106,106,221,,Sporadic
United States of America,Region of the Americas of WHO,North America,2014,26,6/23/14,6/29/14,3358,3358,0,0,45,0,28,73,0,0,97,97,170,,Local Outbreak
United States of America,Region of the Americas of WHO,North America,2014,27,6/30/14,7/6/14,3020,3020,0,1,46,0,26,73,0,0,80,80,153,,Sporadic
United States of America,Region of the Americas of WHO,North America,2014,28,7/7/14,7/13/14,2917,2917,0,3,53,0,29,85,0,0,59,59,144,,Local Outbreak
United States of America,Region of the Americas of WHO,North America,2014,29,7/14/14,7/20/14,2764,2761,0,0,32,0,20,52,0,0,42,42,94,,Local Outbreak
United States of America,Region of the Americas of WHO,North America,2014,30,7/21/14,7/27/14,3042,3042,0,1,36,0,28,65,0,0,50,50,115,,Sporadic
United States of America,Region of the Americas of WHO,North America,2014,31,7/28/14,8/3/14,2827,2827,0,2,46,0,25,73,0,0,21,21,94,,Sporadic
United States of America,Region of the Americas of WHO,North America,2014,32,8/4/14,8/10/14,2820,2820,0,3,39,0,15,58,0,0,21,21,79,,Sporadic
United States of America,Region of the Americas of WHO,North America,2014,33,8/11/14,8/17/14,3241,3241,0,1,54,0,21,76,0,0,36,36,112,,Sporadic
United States of America,Region of the Americas of WHO,North America,2014,34,8/18/14,8/24/14,3304,3304,0,3,44,0,18,66,0,0,40,40,106,,Sporadic
United States of America,Region of the Americas of WHO,North America,2014,35,8/25/14,8/31/14,3915,3915,0,6,59,0,28,93,0,0,40,40,133,,Sporadic
United States of America,Region of the Americas of WHO,North America,2014,36,9/1/14,9/7/14,4147,4147,0,7,42,0,33,82,0,0,29,29,111,,Sporadic
United States of America,Region of the Americas of WHO,North America,2014,37,9/8/14,9/14/14,5231,5231,0,1,65,0,33,99,0,0,30,30,129,,Sporadic
United States of America,Region of the Americas of WHO,North America,2014,38,9/15/14,9/21/14,5592,5592,0,6,80,0,32,118,0,0,53,53,171,,Sporadic
United States of America,Region of the Americas of WHO,North America,2014,39,9/22/14,9/28/14,5809,5809,0,1,84,0,51,136,0,0,64,64,200,,Sporadic
United States of America,Region of the Americas of WHO,North America,2014,40,9/29/14,10/5/14,9567,9567,0,2,100,0,97,199,0,0,110,110,309,,Sporadic
United States of America,Region of the Americas of WHO,North America,2014,41,10/6/14,10/12/14,11036,11036,0,5,125,0,149,279,0,0,160,160,439,,Sporadic
United States of America,Region of the Americas of WHO,North America,2014,42,10/13/14,10/19/14,11729,11729,0,7,226,0,186,420,0,0,164,164,584,,Local Outbreak
United States of America,Region of the Americas of WHO,North America,2014,43,10/20/14,10/26/14,11385,11385,0,5,212,0,200,417,0,0,127,127,544,,Sporadic
United States of America,Region of the Americas of WHO,North America,2014,44,10/27/14,11/2/14,11525,11525,0,4,295,0,292,591,0,0,135,135,726,,Sporadic
United States of America,Region of the Americas of WHO,North America,2014,45,11/3/14,11/9/14,12918,12918,0,6,506,0,489,1001,0,0,155,155,1156,,Sporadic
United States of America,Region of the Americas of WHO,North America,2014,46,11/10/14,11/16/14,13776,13776,0,8,632,0,629,1269,0,0,147,147,1416,,Sporadic
United States of America,Region of the Americas of WHO,North America,2014,47,11/17/14,11/23/14,16166,16166,0,5,1001,0,1233,2239,0,0,163,163,2402,,Regional Outbreak
United States of America,Region of the Americas of WHO,North America,2014,48,11/24/14,11/30/14,18504,18504,0,8,1538,0,1878,3424,0,0,200,200,3624,,Widespread Outbreak
United States of America,Region of the Americas of WHO,North America,2014,49,12/1/14,12/7/14,21961,21961,0,11,2296,0,2398,4705,0,0,242,242,4947,,Widespread Outbreak
United States of America,Region of the Americas of WHO,North America,2014,50,12/8/14,12/14/14,29214,29214,0,6,3814,0,4047,7867,0,0,315,315,8182,,Widespread Outbreak
United States of America,Region of the Americas of WHO,North America,2014,51,12/15/14,12/21/14,37109,37109,0,4,4972,0,6163,11139,0,0,325,325,11464,,Widespread Outbreak
United States of America,Region of the Americas of WHO,North America,2014,52,12/22/14,12/28/14,42466,42466,0,10,5498,0,7847,13355,0,0,392,392,13747,,Widespread Outbreak
United States of America,Region of the Americas of WHO,North America,2015,1,12/29/14,1/4/15,41579,41579,0,10,5292,0,5695,10997,0,0,409,409,11406,,Widespread Outbreak
United States of America,Region of the Americas of WHO,North America,2015,2,1/5/15,1/11/15,38493,38493,0,10,4901,0,3955,8866,0,0,372,372,9238,,Widespread Outbreak
United States of America,Region of the Americas of WHO,North America,2015,3,1/12/15,1/18/15,35593,35593,0,8,4584,0,3580,8172,0,0,473,473,8645,,Widespread Outbreak
United States of America,Region of the Americas of WHO,North America,2015,4,1/19/15,1/25/15,34191,34191,0,4,3917,0,3513,7435,0,0,548,548,7983,,Widespread Outbreak
United States of America,Region of the Americas of WHO,North America,2015,5,1/26/15,2/1/15,32001,32001,0,10,3475,0,2789,6274,0,0,606,606,6880,,Widespread Outbreak
United States of America,Region of the Americas of WHO,North America,2015,6,2/2/15,2/8/15,29578,29578,0,10,2719,0,2170,4899,0,0,723,723,5622,,Widespread Outbreak
United States of America,Region of the Americas of WHO,North America,2015,7,2/9/15,2/15/15,26986,26986,0,7,1744,0,1575,3326,0,0,869,869,4195,,Widespread Outbreak
United States of America,Region of the Americas of WHO,North America,2015,8,2/16/15,2/22/15,24292,24292,0,10,1242,0,1108,2360,0,0,1009,1009,3369,,Widespread Outbreak
United States of America,Region of the Americas of WHO,North America,2015,9,2/23/15,3/1/15,22293,22293,0,18,954,0,740,1712,0,0,1127,1127,2839,,Widespread Outbreak
United States of America,Region of the Americas of WHO,North America,2015,10,3/2/15,3/8/15,20419,20419,0,5,774,0,557,1336,0,0,1352,1352,2688,,Widespread Outbreak
United States of America,Region of the Americas of WHO,North America,2015,11,3/9/15,3/15/15,19843,19843,0,7,458,0,405,870,0,0,1654,1654,2524,,Widespread Outbreak
United States of America,Region of the Americas of WHO,North America,2015,12,3/16/15,3/22/15,18418,18418,0,2,340,0,302,644,0,0,1564,1564,2208,,Regional Outbreak
United States of America,Region of the Americas of WHO,North America,2015,13,3/23/15,3/29/15,16980,16980,0,7,227,0,197,431,0,0,1479,1479,1910,,Regional Outbreak
United States of America,Region of the Americas of WHO,North America,2015,14,3/30/15,4/5/15,15123,15123,0,4,168,0,119,291,0,0,1375,1375,1666,,Regional Outbreak
United States of America,Region of the Americas of WHO,North America,2015,15,4/6/15,4/12/15,14741,14741,0,7,87,0,107,201,0,0,1271,1271,1472,,Local Outbreak
United States of America,Region of the Americas of WHO,North America,2015,16,4/13/15,4/19/15,13389,13389,0,13,66,0,79,158,0,0,969,969,1127,,Sporadic
United States of America,Region of the Americas of WHO,North America,2015,17,4/20/15,4/26/15,11872,11872,0,1,48,0,40,89,0,0,683,683,772,,Local Outbreak
United States of America,Region of the Americas of WHO,North America,2015,18,4/27/15,5/3/15,10769,10769,0,4,26,0,36,67,0,0,543,543,610,,Sporadic
United States of America,Region of the Americas of WHO,North America,2015,19,5/4/15,5/10/15,9784,9784,0,2,12,0,19,33,0,0,494,494,527,,Sporadic
United States of America,Region of the Americas of WHO,North America,2015,20,5/11/15,5/17/15,9188,9188,0,2,16,0,26,44,0,0,340,340,384,,Sporadic
United States of America,Region of the Americas of WHO,North America,2015,21,5/18/15,5/24/15,8412,8412,0,0,21,0,19,40,0,0,267,267,307,,Sporadic
United States of America,Region of the Americas of WHO,North America,2015,22,5/25/15,5/31/15,7747,7747,0,1,20,0,21,42,0,0,184,184,226,,Sporadic
United States of America,Region of the Americas of WHO,North America,2015,23,6/1/15,6/7/15,6991,6991,0,0,20,0,22,42,0,0,151,151,193,,Sporadic
United States of America,Region of the Americas of WHO,North America,2015,24,6/8/15,6/14/15,6724,6724,0,1,20,0,28,49,0,0,129,129,178,,Sporadic
United States of America,Region of the Americas of WHO,North America,2015,25,6/15/15,6/21/15,6132,6132,0,2,50,0,22,74,0,0,78,78,152,,Sporadic
United States of America,Region of the Americas of WHO,North America,2015,26,6/22/15,6/28/15,5557,5557,0,0,51,0,24,75,0,0,46,46,121,,Sporadic
United States of America,Region of the Americas of WHO,North America,2015,27,6/29/15,7/5/15,5230,5230,0,2,59,0,35,96,0,0,33,33,129,,Sporadic
United States of America,Region of the Americas of WHO,North America,2015,28,7/6/15,7/12/15,5253,5253,0,4,40,0,18,63,0,0,36,36,99,,Sporadic
United States of America,Region of the Americas of WHO,North America,2015,29,7/13/15,7/19/15,5034,5034,0,3,35,0,11,49,0,0,37,37,86,,Sporadic
United States of America,Region of the Americas of WHO,North America,2015,30,7/20/15,7/26/15,4802,4802,0,4,34,0,19,57,0,0,23,23,80,,Sporadic
United States of America,Region of the Americas of WHO,North America,2015,31,7/27/15,8/2/15,4785,4785,0,0,44,0,23,67,0,0,10,10,77,,Sporadic
United States of America,Region of the Americas of WHO,North America,2015,32,8/3/15,8/9/15,4781,4781,0,4,50,0,20,74,0,0,17,17,91,,Sporadic
United States of America,Region of the Americas of WHO,North America,2015,33,8/10/15,8/16/15,4857,4857,0,3,33,0,30,66,0,0,13,13,79,,Sporadic
United States of America,Region of the Americas of WHO,North America,2015,34,8/17/15,8/23/15,5118,5118,0,2,53,0,25,80,0,0,16,16,96,,Sporadic
United States of America,Region of the Americas of WHO,North America,2015,35,8/24/15,8/30/15,5322,5322,0,3,42,0,33,78,0,0,20,20,98,,Sporadic
United States of America,Region of the Americas of WHO,North America,2015,36,8/31/15,9/6/15,5979,5979,0,3,63,0,41,107,0,0,27,27,134,,Sporadic
United States of America,Region of the Americas of WHO,North America,2015,37,9/7/15,9/13/15,6493,6493,0,1,70,0,32,103,0,0,28,28,131,,Sporadic
United States of America,Region of the Americas of WHO,North America,2015,38,9/14/15,9/20/15,6854,6854,0,3,76,0,55,134,0,0,33,33,167,,Sporadic
United States of America,Region of the Americas of WHO,North America,2015,39,9/21/15,9/27/15,7253,7253,0,0,27,0,55,82,0,0,33,33,115,,Sporadic
United States of America,Region of the Americas of WHO,North America,2015,40,9/28/15,10/4/15,6354,6354,0,6,17,0,50,73,0,0,32,32,105,,Sporadic
United States of America,Region of the Americas of WHO,North America,2015,41,10/5/15,10/11/15,13168,13168,0,4,65,,86,155,1,0,53,54,209,12959,Sporadic
United States of America,Region of the Americas of WHO,North America,2015,42,10/12/15,10/18/15,14263,14263,0,5,41,,118,164,0,3,61,64,228,14035,Sporadic
United States of America,Region of the Americas of WHO,North America,2015,43,10/19/15,10/25/15,14639,14639,0,10,50,,98,158,2,3,60,65,223,14416,Sporadic
United States of America,Region of the Americas of WHO,North America,2015,44,10/26/15,11/1/15,14781,14781,0,9,31,,102,142,4,1,61,66,208,14573,Sporadic
United States of America,Region of the Americas of WHO,North America,2015,45,11/2/15,11/8/15,16152,16152,0,4,23,,101,128,4,1,77,82,210,15942,Sporadic
United States of America,Region of the Americas of WHO,North America,2015,46,11/9/15,11/15/15,16441,16441,0,11,34,,123,168,2,4,96,102,270,16171,Local Outbreak
United States of America,Region of the Americas of WHO,North America,2015,47,11/16/15,11/22/15,16708,16708,0,17,42,,85,144,4,0,102,106,250,16458,No Report
United States of America,Region of the Americas of WHO,North America,2015,48,11/23/15,11/29/15,16391,16391,0,17,24,,119,160,9,3,96,108,268,16123,No Report
United States of America,Region of the Americas of WHO,North America,2015,49,11/30/15,12/6/15,17751,17751,0,27,36,,148,211,12,3,90,105,316,17435,No Report
United States of America,Region of the Americas of WHO,North America,2015,50,12/7/15,12/13/15,18191,18191,0,38,37,,143,218,11,2,117,130,348,17843,No Report
United States of America,Region of the Americas of WHO,North America,2015,51,12/14/15,12/20/15,18833,18833,0,69,39,,244,352,19,4,202,225,577,18256,No Report
United States of America,Region of the Americas of WHO,North America,2015,52,12/21/15,12/27/15,18123,18123,0,89,33,,221,343,28,3,178,209,552,17571,No Report
United States of America,Region of the Americas of WHO,North America,2015,53,12/28/15,1/3/16,20350,20350,0,146,56,,265,467,35,9,213,257,724,19626,No Report
United States of America,Region of the Americas of WHO,North America,2016,1,1/4/16,1/10/16,21627,21627,0,232,68,,398,698,52,12,198,262,960,20667,No Report
United States of America,Region of the Americas of WHO,North America,2016,2,1/11/16,1/17/16,20437,20437,0,256,89,,576,921,60,23,271,354,1275,19162,No Report
United States of America,Region of the Americas of WHO,North America,2016,3,1/18/16,1/24/16,20744,20744,0,361,100,,729,1190,83,25,360,468,1658,19086,No Report
United States of America,Region of the Americas of WHO,North America,2016,4,1/25/16,1/31/16,23359,23359,0,526,160,,1050,1736,104,28,509,641,2377,20982,No Report
United States of America,Region of the Americas of WHO,North America,2016,5,2/1/16,2/7/16,24988,24988,0,672,171,,1585,2428,143,62,685,890,3318,21670,No Report
United States of America,Region of the Americas of WHO,North America,2016,6,2/8/16,2/14/16,28136,28136,0,891,236,,2282,3409,206,71,1025,1302,4711,23425,No Report
United States of America,Region of the Americas of WHO,North America,2016,7,2/15/16,2/21/16,31106,31106,0,1340,256,,3154,4750,309,103,1271,1683,6433,24673,No Report
United States of America,Region of the Americas of WHO,North America,2016,8,2/22/16,2/28/16,35517,35517,0,1672,232,,4438,6342,383,156,1491,2030,8372,27145,No Report
United States of America,Region of the Americas of WHO,North America,2016,9,2/29/16,3/6/16,38567,38567,0,1886,313,,5555,7754,347,143,1840,2330,10084,28483,No Report
United States of America,Region of the Americas of WHO,North America,2016,10,3/7/16,3/13/16,41876,41876,0,2173,313,,6726,9212,333,162,2264,2759,11971,29905,No Report
United States of America,Region of the Americas of WHO,North America,2016,11,3/14/16,3/20/16,38344,38344,0,1514,213,,5071,6798,278,154,1975,2407,9205,29139,No Report
United States of America,Region of the Americas of WHO,North America,2016,12,3/21/16,3/27/16,33518,33518,0,1058,198,,3938,5194,207,117,1837,2161,7355,26163,No Report
United States of America,Region of the Americas of WHO,North America,2016,13,3/28/16,4/3/16,30674,30674,0,807,180,,2998,3985,211,127,1722,2060,6045,24629,No Report
United States of America,Region of the Americas of WHO,North America,2016,14,4/4/16,4/10/16,26382,26382,0,534,135,,2004,2673,163,106,1563,1832,4505,21877,No Report
United States of America,Region of the Americas of WHO,North America,2016,15,4/11/16,4/17/16,23773,23773,0,383,117,,1522,2022,162,88,1512,1762,3784,19989,No Report
United States of America,Region of the Americas of WHO,North America,2016,16,4/18/16,4/24/16,21676,21676,0,276,127,,1139,1542,163,86,1487,1736,3278,18398,No Report
United States of America,Region of the Americas of WHO,North America,2016,17,4/25/16,5/1/16,19461,19461,0,167,98,,706,971,119,78,1237,1434,2405,17056,No Report
United States of America,Region of the Americas of WHO,North America,2016,18,5/2/16,5/8/16,16505,16505,0,77,59,,429,565,82,53,902,1037,1602,14903,No Report
United States of America,Region of the Americas of WHO,North America,2016,19,5/9/16,5/15/16,15109,15109,0,53,62,,282,397,71,36,715,822,1219,13890,No Report
United States of America,Region of the Americas of WHO,North America,2016,20,5/16/16,5/22/16,13361,13361,0,35,77,,228,340,50,14,549,613,953,12408,No Report
United States of America,Region of the Americas of WHO,North America,2016,21,5/23/16,5/29/16,12230,12230,0,16,44,,141,201,32,22,438,492,693,11537,No Report
United States of America,Region of the Americas of WHO,North America,2016,22,5/30/16,6/5/16,10549,10549,0,4,13,,83,100,35,14,250,299,399,10150,No Report
United States of America,Region of the Americas of WHO,North America,2016,23,6/6/16,6/12/16,9636,9636,0,5,15,,71,91,17,6,221,244,335,9301,No Report
United States of America,Region of the Americas of WHO,North America,2016,24,6/13/16,6/19/16,8788,8788,0,7,18,,59,84,10,6,100,116,200,8588,No Report
United States of America,Region of the Americas of WHO,North America,2016,25,6/20/16,6/26/16,7737,7737,0,5,22,,44,71,11,9,93,113,184,7553,No Report
United States of America,Region of the Americas of WHO,North America,2016,26,6/27/16,7/3/16,6623,6623,0,3,18,,29,50,9,6,55,70,120,6503,No Report
United States of America,Region of the Americas of WHO,North America,2016,27,7/4/16,7/10/16,6249,6249,0,2,18,,24,44,9,5,35,49,93,6156,No Report
United States of America,Region of the Americas of WHO,North America,2016,28,7/11/16,7/17/16,6619,6619,0,1,21,,25,47,11,2,34,47,94,6525,No Report
United States of America,Region of the Americas of WHO,North America,2016,29,7/18/16,7/24/16,6185,6185,0,2,18,,25,45,10,0,30,40,85,6100,No Report
United States of America,Region of the Americas of WHO,North America,2016,30,7/25/16,7/31/16,6054,6054,0,2,38,,20,60,10,2,27,39,99,5954,No Report
United States of America,Region of the Americas of WHO,North America,2016,31,8/1/16,8/7/16,6026,6026,0,1,45,,35,81,4,1,20,25,106,5917,No Report
United States of America,Region of the Americas of WHO,North America,2016,32,8/8/16,8/14/16,6124,6124,0,6,28,,22,56,12,3,31,46,102,6012,No Report
United States of America,Region of the Americas of WHO,North America,2016,33,8/15/16,8/21/16,6350,6350,0,1,29,,27,57,7,1,24,32,89,6257,No Report
United States of America,Region of the Americas of WHO,North America,2016,34,8/22/16,8/28/16,6628,6628,0,5,28,,63,96,6,2,27,35,131,6497,No Report
United States of America,Region of the Americas of WHO,North America,2016,35,8/29/16,9/4/16,7501,7501,0,7,33,,78,118,2,4,46,52,170,7331,No Report
United States of America,Region of the Americas of WHO,North America,2016,36,9/5/16,9/11/16,8132,8132,0,3,45,,57,105,3,1,62,66,171,7961,No Report
United States of America,Region of the Americas of WHO,North America,2016,37,9/12/16,9/18/16,9280,9280,0,8,55,,76,139,6,4,68,78,217,9063,No Report
United States of America,Region of the Americas of WHO,North America,2016,38,9/19/16,9/25/16,10040,10040,0,6,77,,97,180,5,3,75,83,263,9777,No Report
United States of America,Region of the Americas of WHO,North America,2016,39,9/26/16,10/2/16,11292,11292,0,5,73,,107,185,0,11,88,99,284,11008,No Report
United States of America,Region of the Americas of WHO,North America,2016,40,10/3/16,10/9/16,14278,14278,0,9,87,,120,216,4,5,91,100,316,13962,No Report
United States of America,Region of the Americas of WHO,North America,2016,41,10/10/16,10/16/16,15023,15023,0,11,81,,108,200,6,7,86,99,299,14724,No Report
United States of America,Region of the Americas of WHO,North America,2016,42,10/17/16,10/23/16,16250,16250,0,12,134,,117,263,10,8,98,116,379,15871,No Report
United States of America,Region of the Americas of WHO,North America,2016,43,10/24/16,10/30/16,16480,16480,0,13,130,,144,287,3,3,94,100,387,16093,No Report
United States of America,Region of the Americas of WHO,North America,2016,44,10/31/16,11/6/16,17948,17948,0,12,122,,204,338,7,10,121,138,476,17472,No Report
United States of America,Region of the Americas of WHO,North America,2016,45,11/7/16,11/13/16,19086,19086,0,5,155,,272,432,1,6,126,133,565,18521,No Report
United States of America,Region of the Americas of WHO,North America,2016,46,11/14/16,11/20/16,20411,20411,0,9,189,,349,547,1,7,157,165,712,19699,No Report
United States of America,Region of the Americas of WHO,North America,2016,47,11/21/16,11/27/16,19618,19618,0,5,164,,465,634,3,4,179,186,820,18798,No Report
United States of America,Region of the Americas of WHO,North America,2016,48,11/28/16,12/4/16,23255,23255,0,13,318,,543,874,5,17,201,223,1097,22158,No Report
United States of America,Region of the Americas of WHO,North America,2016,49,12/5/16,12/11/16,22444,22444,0,14,479,,699,1192,7,20,183,210,1402,21042,No Report
United States of America,Region of the Americas of WHO,North America,2016,50,12/12/16,12/18/16,25720,25720,0,18,750,,1368,2136,18,27,226,271,2407,23313,No Report
United States of America,Region of the Americas of WHO,North America,2016,51,12/19/16,12/25/16,29439,29439,0,29,1016,,2574,3619,28,38,357,423,4042,25397,No Report
United States of America,Region of the Americas of WHO,North America,2016,52,12/26/16,1/1/17,36560,36560,0,32,1676,,4301,6009,37,59,401,497,6506,30054,No Report
United States of America,Region of the Americas of WHO,North America,2017,1,1/2/17,1/8/17,38960,38960,0,53,2067,,4301,6421,60,47,405,512,6933,32027,No Report
United States of America,Region of the Americas of WHO,North America,2017,2,1/9/17,1/15/17,39546,39546,0,49,2210,,4965,7224,76,49,501,626,7850,31696,No Report
United States of America,Region of the Americas of WHO,North America,2017,3,1/16/17,1/22/17,41010,41010,0,57,2253,,6086,8396,104,69,681,854,9250,31760,No Report
United States of America,Region of the Americas of WHO,North America,2017,4,1/23/17,1/29/17,42620,42620,0,47,2431,,6283,8761,123,71,827,1021,9782,32838,No Report
United States of America,Region of the Americas of WHO,North America,2017,5,1/30/17,2/5/17,46521,46521,0,51,2596,,7809,10456,182,96,1147,1425,11881,34640,No Report
United States of America,Region of the Americas of WHO,North America,2017,6,2/6/17,2/12/17,53516,53516,0,71,2975,,9725,12771,240,126,1937,2303,15074,38442,No Report
United States of America,Region of the Americas of WHO,North America,2017,7,2/13/17,2/19/17,54691,54691,0,68,2617,,9563,12248,300,152,2656,3108,15356,39335,No Report
United States of America,Region of the Americas of WHO,North America,2017,8,2/20/17,2/26/17,52446,52446,0,87,2364,,8775,11226,357,159,3041,3557,14783,37663,No Report
United States of America,Region of the Americas of WHO,North America,2017,9,2/27/17,3/5/17,44426,44426,0,54,1492,,5618,7164,358,149,2491,2998,10162,34264,No Report
United States of America,Region of the Americas of WHO,North America,2017,10,3/6/17,3/12/17,42112,42112,0,50,1256,,4647,5953,389,138,2892,3419,9372,32740,No Report
United States of America,Region of the Americas of WHO,North America,2017,11,3/13/17,3/19/17,39836,39836,0,28,909,,3806,4743,440,141,3295,3876,8619,31217,No Report
United States of America,Region of the Americas of WHO,North America,2017,12,3/20/17,3/26/17,38400,38400,0,31,843,,3225,4099,523,193,3839,4555,8654,29746,No Report
United States of America,Region of the Americas of WHO,North America,2017,13,3/27/17,4/2/17,35530,35530,0,27,655,,2348,3030,576,143,3876,4595,7625,27905,No Report
United States of America,Region of the Americas of WHO,North America,2017,14,4/3/17,4/9/17,31021,31021,0,17,374,,1447,1838,450,117,3119,3686,5524,25497,No Report
United States of America,Region of the Americas of WHO,North America,2017,15,4/10/17,4/16/17,26720,26720,0,5,221,,903,1129,383,66,2364,2813,3942,22778,No Report
United States of America,Region of the Americas of WHO,North America,2017,16,4/17/17,4/23/17,23640,23640,0,11,144,,569,724,250,54,1656,1960,2684,20956,No Report
United States of America,Region of the Americas of WHO,North America,2017,17,4/24/17,4/30/17,20099,20099,0,7,133,,328,468,181,51,995,1227,1695,18404,No Report
United States of America,Region of the Americas of WHO,North America,2017,18,5/1/17,5/7/17,17267,17267,0,5,83,,254,342,131,31,749,911,1253,16014,No Report
United States of America,Region of the Americas of WHO,North America,2017,19,5/8/17,5/14/17,16191,16191,0,3,97,,234,334,117,38,620,775,1109,15082,No Report
United States of America,Region of the Americas of WHO,North America,2017,20,5/15/17,5/21/17,15080,15080,0,5,63,,217,285,114,33,512,659,944,14136,No Report
United States of America,Region of the Americas of WHO,North America,2017,21,5/22/17,5/28/17,13461,13461,0,6,41,,180,227,80,26,401,507,734,12727,No Report
United States of America,Region of the Americas of WHO,North America,2017,22,5/29/17,6/4/17,12194,12194,0,1,39,,171,211,60,51,331,442,653,11541,No Report
United States of America,Region of the Americas of WHO,North America,2017,23,6/5/17,6/11/17,11119,11119,0,5,33,,136,174,63,22,244,329,503,10616,No Report
United States of America,Region of the Americas of WHO,North America,2017,24,6/12/17,6/18/17,9966,9966,0,8,43,,132,183,45,11,171,227,410,9556,No Report
United States of America,Region of the Americas of WHO,North America,2017,25,6/19/17,6/25/17,8843,8843,0,5,40,,107,152,31,11,125,167,319,8524,No Report
United States of America,Region of the Americas of WHO,North America,2017,26,6/26/17,7/2/17,7859,7859,0,5,39,,95,139,21,4,103,128,267,7592,No Report
United States of America,Region of the Americas of WHO,North America,2017,27,7/3/17,7/9/17,7366,7366,0,10,29,,75,114,7,7,83,97,211,7155,No Report
United States of America,Region of the Americas of WHO,North America,2017,28,7/10/17,7/16/17,7741,7741,0,4,31,,92,127,9,5,79,93,220,7519,No Report
United States of America,Region of the Americas of WHO,North America,2017,29,7/17/17,7/23/17,7532,7532,0,8,26,,87,121,7,0,54,61,182,7341,No Report
United States of America,Region of the Americas of WHO,North America,2017,30,7/24/17,7/30/17,7122,7122,0,7,31,,76,114,21,1,53,75,189,6933,No Report
United States of America,Region of the Americas of WHO,North America,2017,31,7/31/17,8/6/17,7110,7110,0,8,41,,96,145,8,0,38,46,191,6914,No Report
United States of America,Region of the Americas of WHO,North America,2017,32,8/7/17,8/13/17,7266,7266,0,6,42,,77,125,20,0,62,82,207,7058,No Report
United States of America,Region of the Americas of WHO,North America,2017,33,8/14/17,8/20/17,7949,7949,0,5,32,,65,102,9,0,41,50,152,7797,No Report
United States of America,Region of the Americas of WHO,North America,2017,34,8/21/17,8/27/17,8570,8570,0,6,54,,82,142,9,1,47,57,199,8371,No Report
United States of America,Region of the Americas of WHO,North America,2017,35,8/28/17,9/3/17,9890,9890,0,18,64,,121,203,0,0,69,69,272,9618,No Report
United States of America,Region of the Americas of WHO,North America,2017,36,9/4/17,9/10/17,10850,10850,0,12,105,,130,247,13,0,71,84,331,10519,No Report
United States of America,Region of the Americas of WHO,North America,2017,37,9/11/17,9/17/17,12321,12321,0,8,109,,148,265,17,2,86,105,370,11951,No Report
United States of America,Region of the Americas of WHO,North America,2017,38,9/18/17,9/24/17,13529,13529,0,2,101,,140,243,18,1,85,104,347,13165,No Report
United States of America,Region of the Americas of WHO,North America,2017,39,9/25/17,10/1/17,14583,14583,0,10,119,,156,285,10,0,80,90,375,14184,No Report
United States of America,Region of the Americas of WHO,North America,2017,40,10/2/17,10/8/17,16573,16573,0,13,123,,233,369,16,0,117,133,502,16070,No Report
United States of America,Region of the Americas of WHO,North America,2017,41,10/9/17,10/15/17,17636,17636,0,14,143,,256,413,13,4,104,121,534,17102,No Report
United States of America,Region of the Americas of WHO,North America,2017,42,10/16/17,10/22/17,19061,19061,0,14,173,,278,465,11,1,112,124,589,18472,No Report
United States of America,Region of the Americas of WHO,North America,2017,43,10/23/17,10/29/17,19864,19864,0,26,180,,364,570,21,1,148,170,740,19124,No Report
United States of America,Region of the Americas of WHO,North America,2017,44,10/30/17,11/5/17,21606,21606,0,24,249,,518,791,36,3,236,275,1066,20540,No Report
United States of America,Region of the Americas of WHO,North America,2017,45,11/6/17,11/12/17,23440,23440,0,29,315,,690,1034,33,4,252,289,1323,22117,No Report
United States of America,Region of the Americas of WHO,North America,2017,46,11/13/17,11/19/17,25670,25670,0,56,405,,941,1402,61,5,351,417,1819,23851,No Report
United States of America,Region of the Americas of WHO,North America,2017,47,11/20/17,11/26/17,25441,25441,0,41,490,,1338,1869,60,5,363,428,2297,23144,No Report
United States of America,Region of the Americas of WHO,North America,2017,48,11/27/17,12/3/17,29582,29582,0,61,787,,1563,2411,108,8,456,572,2983,26598,No Report
United States of America,Region of the Americas of WHO,North America,2017,49,12/4/17,12/10/17,33552,33552,0,72,1055,,2483,3610,103,16,858,977,4587,28965,No Report
United States of America,Region of the Americas of WHO,North America,2017,50,12/11/17,12/17/17,38752,38752,0,137,1515,,4571,6223,174,36,883,1093,7316,31436,No Report
United States of America,Region of the Americas of WHO,North America,2017,51,12/18/17,12/24/17,52824,52824,0,240,2491,,9256,11987,258,39,1776,2073,14060,38764,No Report
United States of America,Region of the Americas of WHO,North America,2017,52,12/25/17,12/31/17,60942,60942,0,279,2984,,12031,15294,372,35,2192,2599,17893,43049,No Report
United States of America,Region of the Americas of WHO,North America,2018,1,1/1/18,1/7/18,67726,67726,0,320,3295,,13057,16672,463,45,2700,3208,19880,47846,No Report
United States of America,Region of the Americas of WHO,North America,2018,2,1/8/18,1/14/18,75195,75195,0,393,3336,,15219,18948,534,42,3409,3985,22933,52262,No Report
United States of America,Region of the Americas of WHO,North America,2018,3,1/15/18,1/21/18,75417,75417,0,406,2727,,14832,17965,536,47,4094,4677,22642,52775,No Report
United States of America,Region of the Americas of WHO,North America,2018,4,1/22/18,1/28/18,87245,87245,0,540,2749,,16672,19961,718,58,5581,6357,26318,60927,No Report
United States of America,Region of the Americas of WHO,North America,2018,5,1/29/18,2/4/18,88743,88743,0,542,2494,,15234,18270,804,91,7221,8116,26386,62357,No Report
United States of America,Region of the Americas of WHO,North America,2018,6,2/5/18,2/11/18,87883,87883,0,544,2040,,14148,16732,931,113,8187,9231,25963,61920,No Report
United States of America,Region of the Americas of WHO,North America,2018,7,2/12/18,2/18/18,80481,80481,0,495,1511,,11395,13401,931,115,8461,9507,22908,57573,No Report
United States of America,Region of the Americas of WHO,North America,2018,8,2/19/18,2/25/18,64580,64580,0,306,1073,,7196,8575,891,116,6645,7652,16227,48353,No Report
United States of America,Region of the Americas of WHO,North America,2018,9,2/26/18,3/4/18,52069,52069,0,246,588,,4417,5251,699,88,4763,5550,10801,41268,No Report
United States of America,Region of the Americas of WHO,North America,2018,10,3/5/18,3/11/18,44035,44035,0,144,411,,2922,3477,646,88,3706,4440,7917,36118,No Report
United States of America,Region of the Americas of WHO,North America,2018,11,3/12/18,3/18/18,39323,39323,0,188,277,,2374,2839,542,70,3558,4170,7009,32314,No Report
United States of America,Region of the Americas of WHO,North America,2018,12,3/19/18,3/25/18,35690,35690,0,120,234,,2033,2387,467,52,3232,3751,6138,29552,No Report
United States of America,Region of the Americas of WHO,North America,2018,13,3/26/18,4/1/18,32633,32633,0,132,220,,1716,2068,455,62,3034,3551,5619,27014,No Report
United States of America,Region of the Americas of WHO,North America,2018,14,4/2/18,4/8/18,29245,29245,0,120,163,,1139,1422,405,54,2409,2868,4290,24955,No Report
United States of America,Region of the Americas of WHO,North America,2018,15,4/9/18,4/15/18,26533,26533,0,101,102,,903,1106,297,40,1971,2308,3414,23119,No Report
United States of America,Region of the Americas of WHO,North America,2018,16,4/16/18,4/22/18,22657,22657,0,51,86,,595,732,211,43,1469,1723,2455,20202,No Report
United States of America,Region of the Americas of WHO,North America,2018,17,4/23/18,4/29/18,20356,20356,0,56,53,,473,582,138,28,1127,1293,1875,18481,No Report
United States of America,Region of the Americas of WHO,North America,2018,18,4/30/18,5/6/18,17926,17926,0,40,31,,348,419,137,14,747,898,1317,16609,No Report
United States of America,Region of the Americas of WHO,North America,2018,19,5/7/18,5/13/18,15577,15577,0,16,20,,191,227,68,6,475,549,776,14801,No Report
United States of America,Region of the Americas of WHO,North America,2018,20,5/14/18,5/20/18,13477,13477,0,16,10,,176,202,27,6,246,279,481,12996,No Report
United States of America,Region of the Americas of WHO,North America,2018,21,5/21/18,5/27/18,12143,12143,0,18,6,,119,143,20,4,171,195,338,11805,No Report
United States of America,Region of the Americas of WHO,North America,2018,22,5/28/18,6/3/18,11054,11054,0,8,5,,76,89,11,2,91,104,193,10861,No Report
United States of America,Region of the Americas of WHO,North America,2018,23,6/4/18,6/10/18,9989,9989,0,7,3,,73,83,9,3,83,95,178,9811,No Report
United States of America,Region of the Americas of WHO,North America,2018,24,6/11/18,6/17/18,9212,9212,0,6,3,,51,60,8,3,67,78,138,9074,No Report
United States of America,Region of the Americas of WHO,North America,2018,25,6/18/18,6/24/18,8715,8715,0,1,3,,49,53,6,3,38,47,100,8614,No Report
United States of America,Region of the Americas of WHO,North America,2018,26,6/25/18,7/1/18,7920,7920,0,2,6,,57,65,1,0,29,30,95,7825,No Report
United States of America,Region of the Americas of WHO,North America,2018,27,7/2/18,7/8/18,7010,7010,0,9,5,,44,58,6,0,26,32,90,6920,No Report
United States of America,Region of the Americas of WHO,North America,2018,28,7/9/18,7/15/18,7162,7162,0,8,9,,51,68,3,2,14,19,87,7075,No Report
United States of America,Region of the Americas of WHO,North America,2018,29,7/16/18,7/22/18,7009,7009,0,15,5,,57,77,4,2,18,24,101,6908,No Report
United States of America,Region of the Americas of WHO,North America,2018,30,7/23/18,7/29/18,6976,6976,0,9,3,,52,64,0,2,19,21,85,6891,No Report
United States of America,Region of the Americas of WHO,North America,2018,31,7/30/18,8/5/18,6477,6477,0,7,10,,46,63,1,0,17,18,81,6396,No Report
United States of America,Region of the Americas of WHO,North America,2018,32,8/6/18,8/12/18,6954,6954,0,6,8,,48,62,2,0,23,25,87,6867,No Report
United States of America,Region of the Americas of WHO,North America,2018,33,8/13/18,8/19/18,7246,7246,0,5,9,,42,56,2,0,19,21,77,7169,No Report
United States of America,Region of the Americas of WHO,North America,2018,34,8/20/18,8/26/18,8042,8042,0,17,20,,83,120,1,0,28,29,149,7893,No Report
United States of America,Region of the Americas of WHO,North America,2018,35,8/27/18,9/2/18,8970,8970,0,10,6,,98,114,2,0,33,35,149,8821,No Report
United States of America,Region of the Americas of WHO,North America,2018,36,9/3/18,9/9/18,10137,10137,0,17,17,,119,153,1,0,53,54,207,9930,No Report
United States of America,Region of the Americas of WHO,North America,2018,37,9/10/18,9/16/18,12476,12476,0,29,14,,155,198,5,1,48,54,252,12224,No Report
United States of America,Region of the Americas of WHO,North America,2018,38,9/17/18,9/23/18,13717,13717,0,22,17,,160,199,2,1,68,71,270,13447,No Report
United States of America,Region of the Americas of WHO,North America,2018,39,9/24/18,9/30/18,15324,15324,0,20,13,,169,202,3,0,52,55,257,15067,No Report
United States of America,Region of the Americas of WHO,North America,2018,40,10/1/18,10/7/18,17330,17330,0,29,11,,226,266,11,7,71,89,355,16975,No Report
United States of America,Region of the Americas of WHO,North America,2018,41,10/8/18,10/14/18,18954,18954,0,52,11,,231,294,5,3,88,96,390,18564,No Report
United States of America,Region of the Americas of WHO,North America,2018,42,10/15/18,10/21/18,21301,21301,0,52,22,,324,398,14,2,90,106,504,20797,No Report
United States of America,Region of the Americas of WHO,North America,2018,43,10/22/18,10/28/18,22528,22528,0,76,35,,343,454,13,0,104,117,571,21957,No Report
United States of America,Region of the Americas of WHO,North America,2018,44,10/29/18,11/4/18,23695,23695,0,84,23,,393,500,8,1,100,109,609,23086,No Report
United States of America,Region of the Americas of WHO,North America,2018,45,11/5/18,11/11/18,24855,24855,0,117,27,,561,705,7,4,103,114,819,24036,No Report
United States of America,Region of the Americas of WHO,North America,2018,46,11/12/18,11/18/18,25902,25902,0,148,41,,680,869,3,2,104,109,978,24924,No Report
United States of America,Region of the Americas of WHO,North America,2018,47,11/19/18,11/25/18,25858,25858,0,215,54,,907,1176,5,2,77,84,1260,24598,No Report
United States of America,Region of the Americas of WHO,North America,2018,48,11/26/18,12/2/18,29989,29989,0,326,64,,1013,1403,10,2,107,119,1522,28467,No Report
United States of America,Region of the Americas of WHO,North America,2018,49,12/3/18,12/9/18,30761,30761,0,361,90,,1674,2125,7,3,159,169,2294,28467,No Report
United States of America,Region of the Americas of WHO,North America,2018,50,12/10/18,12/16/18,35316,35316,0,674,166,,3262,4102,6,7,197,210,4312,31004,No Report
United States of America,Region of the Americas of WHO,North America,2018,51,12/17/18,12/23/18,41051,41051,0,1115,248,,5367,6730,8,20,201,229,6959,34092,No Report
United States of America,Region of the Americas of WHO,North America,2018,52,12/24/18,12/30/18,45896,45896,0,1243,274,,6962,8479,9,19,248,276,8755,37141,No Report
United States of America,Region of the Americas of WHO,North America,2019,1,12/31/18,1/6/19,47278,47278,0,1182,305,,5400,6887,17,6,158,181,7068,40210,No Report
United States of America,Region of the Americas of WHO,North America,2019,2,1/7/19,1/13/19,44838,44838,0,1429,233,,5175,6837,20,4,230,254,7091,37747,No Report
United States of America,Region of the Americas of WHO,North America,2019,3,1/14/19,1/20/19,45296,45296,0,1475,366,,6783,8624,16,17,195,228,8852,36444,No Report
United States of America,Region of the Americas of WHO,North America,2019,4,1/21/19,1/27/19,47652,47652,0,1546,511,,8426,10483,9,17,262,288,10771,36881,No Report
United States of America,Region of the Americas of WHO,North America,2019,5,1/28/19,2/3/19,52704,52704,0,1678,806,,10732,13216,18,24,300,342,13558,39146,No Report
United States of America,Region of the Americas of WHO,North America,2019,6,2/4/19,2/10/19,58794,58794,0,1878,1202,,13197,16277,11,18,446,475,16752,42040,No Report
United States of America,Region of the Americas of WHO,North America,2019,7,2/11/19,2/17/19,57876,57876,0,1703,1305,,13375,16383,18,29,532,579,16962,40913,No Report
United States of America,Region of the Americas of WHO,North America,2019,8,2/18/19,2/24/19,58689,58689,0,1480,1501,,13759,16740,12,28,532,572,17312,41377,No Report
United States of America,Region of the Americas of WHO,North America,2019,9,2/25/19,3/3/19,58082,58082,0,1377,1785,,13498,16660,10,34,474,518,17178,40904,No Report
United States of America,Region of the Americas of WHO,North America,2019,10,3/4/19,3/10/19,57990,57990,0,1292,1829,,13258,16379,27,42,491,560,16939,41051,No Report
United States of America,Region of the Americas of WHO,North America,2019,11,3/11/19,3/17/19,57812,57812,0,1052,1828,,13412,16292,31,56,611,698,16990,40822,No Report
United States of America,Region of the Americas of WHO,North America,2019,12,3/18/19,3/24/19,52500,52500,0,745,1402,,10349,12496,19,50,689,758,13254,39246,No Report
United States of America,Region of the Americas of WHO,North America,2019,13,3/25/19,3/31/19,45764,45764,0,472,1110,,7695,9277,25,66,698,789,10066,35698,No Report
United States of America,Region of the Americas of WHO,North America,2019,14,4/1/19,4/7/19,39287,39287,0,336,889,,4904,6129,20,70,684,774,6903,32384,No Report
United States of America,Region of the Americas of WHO,North America,2019,15,4/8/19,4/14/19,33751,33751,0,217,660,,3210,4087,18,58,638,714,4801,28950,No Report
United States of America,Region of the Americas of WHO,North America,2019,16,4/15/19,4/21/19,29429,29429,0,130,354,,1898,2382,19,50,536,605,2987,26442,No Report
United States of America,Region of the Americas of WHO,North America,2019,17,4/22/19,4/28/19,25890,25890,0,87,218,,1032,1337,14,39,475,528,1865,24025,No Report
United States of America,Region of the Americas of WHO,North America,2019,18,4/29/19,5/5/19,21148,21148,0,65,158,,640,863,11,40,345,396,1259,19889,No Report
United States of America,Region of the Americas of WHO,North America,2019,19,5/6/19,5/12/19,18525,18525,0,45,94,,418,557,9,41,297,347,904,17621,No Report
United States of America,Region of the Americas of WHO,North America,2019,20,5/13/19,5/19/19,17777,17777,0,43,82,,336,461,7,40,279,326,787,16990,No Report
United States of America,Region of the Americas of WHO,North America,2019,21,5/20/19,5/26/19,16180,16180,0,29,67,,280,376,3,27,261,291,667,15513,No Report
United States of America,Region of the Americas of WHO,North America,2019,22,5/27/19,6/2/19,14912,14912,0,23,55,,216,294,11,25,249,285,579,14333,No Report
United States of America,Region of the Americas of WHO,North America,2019,23,6/3/19,6/9/19,13102,13102,0,26,54,,147,227,1,32,226,259,486,12616,No Report
United States of America,Region of the Americas of WHO,North America,2019,24,6/10/19,6/16/19,11817,11817,0,21,57,,136,214,2,19,140,161,375,11442,No Report
United States of America,Region of the Americas of WHO,North America,2019,25,6/17/19,6/23/19,10843,10843,0,19,52,,111,182,0,13,99,112,294,10549,No Report
United States of America,Region of the Americas of WHO,North America,2019,26,6/24/19,6/30/19,9513,9513,0,21,48,,95,164,3,12,100,115,279,9234,No Report
United States of America,Region of the Americas of WHO,North America,2019,27,7/1/19,7/7/19,9212,9212,0,29,41,,132,202,1,13,89,103,305,8907,No Report
United States of America,Region of the Americas of WHO,North America,2019,28,7/8/19,7/14/19,9474,9474,0,10,42,,103,155,1,9,83,93,248,9226,No Report
United States of America,Region of the Americas of WHO,North America,2019,29,7/15/19,7/21/19,8662,8662,0,12,55,,109,176,0,10,81,91,267,8395,No Report
United States of America,Region of the Americas of WHO,North America,2019,30,7/22/19,7/28/19,8245,8245,0,19,29,,106,154,0,11,88,99,253,7992,No Report
United States of America,Region of the Americas of WHO,North America,2019,31,7/29/19,8/4/19,8213,8213,0,14,30,,106,150,2,10,86,98,248,7965,No Report
United States of America,Region of the Americas of WHO,North America,2019,32,8/5/19,8/11/19,8374,8374,0,7,33,,79,119,0,16,88,104,223,8151,No Report
United States of America,Region of the Americas of WHO,North America,2019,33,8/12/19,8/18/19,8647,8647,0,20,34,,81,135,0,38,94,132,267,8380,No Report
United States of America,Region of the Americas of WHO,North America,2019,34,8/19/19,8/25/19,9244,9244,0,19,38,,95,152,0,32,118,150,302,8942,No Report
United States of America,Region of the Americas of WHO,North America,2019,35,8/26/19,9/1/19,10870,10870,0,14,34,,146,194,0,29,226,255,449,10421,No Report
United States of America,Region of the Americas of WHO,North America,2019,36,9/2/19,9/8/19,12268,12268,0,16,54,,145,215,1,29,231,261,476,11792,No Report
United States of America,Region of the Americas of WHO,North America,2019,37,9/9/19,9/15/19,13954,13954,0,12,69,,166,247,2,44,182,228,475,13479,No Report
United States of America,Region of the Americas of WHO,North America,2019,38,9/16/19,9/22/19,15837,15837,0,27,59,,171,257,0,46,258,304,561,15276,No Report
United States of America,Region of the Americas of WHO,North America,2019,39,9/23/19,9/29/19,18142,18142,0,18,60,,171,249,0,49,329,378,627,17515,No Report
United States of America,Region of the Americas of WHO,North America,2019,40,9/30/19,10/6/19,20838,20838,0,25,57,,157,239,1,56,131,188,427,20411,No Report
United States of America,Region of the Americas of WHO,North America,2019,41,10/7/19,10/13/19,23213,23213,0,33,64,,168,265,2,70,188,260,525,22688,No Report
United States of America,Region of the Americas of WHO,North America,2019,42,10/14/19,10/20/19,24387,24387,0,36,82,,196,314,3,77,200,280,594,23793,No Report
United States of America,Region of the Americas of WHO,North America,2019,43,10/21/19,10/27/19,26123,26123,0,53,78,,249,380,5,96,374,475,855,25268,No Report
United States of America,Region of the Americas of WHO,North America,2019,44,10/28/19,11/3/19,27014,27014,0,52,61,,304,417,5,120,595,720,1137,25877,No Report
United States of America,Region of the Americas of WHO,North America,2019,45,11/4/19,11/10/19,31189,31189,0,122,74,,619,815,10,234,1149,1393,2208,28981,No Report
United States of America,Region of the Americas of WHO,North America,2019,46,11/11/19,11/17/19,33647,33647,0,149,58,,681,888,10,330,1678,2018,2906,30741,No Report
United States of America,Region of the Americas of WHO,North America,2019,47,11/18/19,11/24/19,39305,39305,0,258,78,,1076,1412,10,423,2754,3187,4599,34706,No Report
United States of America,Region of the Americas of WHO,North America,2019,48,11/25/19,12/1/19,37757,37757,0,369,83,,1171,1623,10,500,2934,3444,5067,32690,No Report
United States of America,Region of the Americas of WHO,North America,2019,49,12/2/19,12/8/19,45188,45188,0,513,83,,1512,2108,14,657,3656,4327,6435,38753,No Report
United States of America,Region of the Americas of WHO,North America,2019,50,12/9/19,12/15/19,48415,48415,0,620,78,,2199,2897,15,807,5408,6230,9127,39288,No Report
United States of America,Region of the Americas of WHO,North America,2019,51,12/16/19,12/22/19,58494,58494,0,915,52,,3749,4716,16,1110,8855,9981,14697,43797,No Report
United States of America,Region of the Americas of WHO,North America,2019,52,12/23/19,12/29/19,68238,68238,0,1210,88,,6007,7305,24,1326,11612,12962,20267,47971,No Report
United States of America,Region of the Americas of WHO,North America,2020,1,12/30/19,1/5/20,69417,69417,,1262,101,,5690,7053,23,1275,9853,11151,18204,51213,No Report
United States of America,Region of the Americas of WHO,North America,2020,2,1/6/20,1/12/20,65248,65248,,1338,86,,6143,7567,20,1145,8151,9316,16883,48365,No Report
United States of America,Region of the Americas of WHO,North America,2020,3,1/13/20,1/19/20,65248,65248,,1598,73,,7768,9439,12,1244,8272,9528,18967,46281,No Report
United States of America,Region of the Americas of WHO,North America,2020,4,1/20/20,1/26/20,69503,69503,,1769,79,,9515,11363,8,1137,9020,10165,21528,47975,No Report
United States of America,Region of the Americas of WHO,North America,2020,5,1/27/20,2/2/20,78337,78337,,2359,92,,12152,14603,8,1069,9980,11057,25660,52677,No Report
United States of America,Region of the Americas of WHO,North America,2020,6,2/3/20,2/9/20,77514,77514,,2346,91,,13024,15461,5,871,9075,9951,25412,52102,No Report
United States of America,Region of the Americas of WHO,North America,2020,7,2/10/20,2/16/20,74285,74285,,2048,65,,13501,15614,10,744,7460,8214,23828,50457,No Report
United States of America,Region of the Americas of WHO,North America,2020,8,2/17/20,2/23/20,69556,69556,,1752,76,,12833,14661,9,564,5924,6497,21158,48398,No Report
United States of America,Region of the Americas of WHO,North America,2020,9,2/24/20,3/1/20,66390,66390,,1662,63,,11763,13488,8,454,4503,4965,18453,47937,No Report
United States of America,Region of the Americas of WHO,North America,2020,10,3/2/20,3/8/20,68289,68289,,1601,73,,11115,12789,8,352,3508,3868,16657,51632,No Report
United States of America,Region of the Americas of WHO,North America,2020,11,3/9/20,3/15/20,78010,78010,,1136,74,,9127,10337,3,197,2775,2975,13312,64698,No Report
United States of America,Region of the Americas of WHO,North America,2020,12,3/16/20,3/22/20,75949,75949,,444,30,,4154,4628,1,77,1397,1475,6103,69846,No Report
United States of America,Region of the Americas of WHO,North America,2020,13,3/23/20,3/29/20,46900,46900,,100,7,,767,874,2,20,314,336,1210,45690,No Report
United States of America,Region of the Americas of WHO,North America,2020,14,3/30/20,4/5/20,32310,32310,,37,1,,200,238,0,5,129,134,372,31938,No Report
United States of America,Region of the Americas of WHO,North America,2020,15,4/6/20,4/12/20,20593,20593,,28,0,,78,106,0,0,50,50,156,20437,No Report
United States of America,Region of the Americas of WHO,North America,2020,16,4/13/20,4/19/20,15327,15327,,19,0,,58,77,0,2,35,37,114,15213,No Report
United States of America,Region of the Americas of WHO,North America,2020,17,4/20/20,4/26/20,13640,13640,,26,0,,20,46,0,0,12,12,58,13582,No Report
United States of America,Region of the Americas of WHO,North America,2020,18,4/27/20,5/3/20,11010,11010,,23,0,,20,43,0,1,10,11,54,10956,No Report
United States of America,Region of the Americas of WHO,North America,2020,19,5/4/20,5/10/20,9550,9550,,26,1,,14,41,0,0,17,17,58,9492,No Report
United States of America,Region of the Americas of WHO,North America,2020,20,5/11/20,5/17/20,8526,8526,,24,0,,14,38,0,0,13,13,51,8475,No Report
United States of America,Region of the Americas of WHO,North America,2020,21,5/18/20,5/24/20,8076,8076,,0,0,,9,9,0,0,8,8,17,8059,No Report
United States of America,Region of the Americas of WHO,North America,2020,22,5/25/20,5/31/20,6583,6583,,2,0,,8,10,0,0,4,4,14,6569,No Report
United States of America,Region of the Americas of WHO,North America,2020,23,6/1/20,6/7/20,6540,6540,,0,0,,9,9,0,0,14,14,23,6517,No Report
United States of America,Region of the Americas of WHO,North America,2020,24,6/8/20,6/14/20,6065,6065,,1,0,,9,10,0,1,11,12,22,6043,No Report
United States of America,Region of the Americas of WHO,North America,2020,25,6/15/20,6/21/20,5645,5645,,0,0,,12,12,0,0,8,8,20,5625,No Report
United States of America,Region of the Americas of WHO,North America,2020,26,6/22/20,6/28/20,5875,5875,,0,0,,12,12,0,0,7,7,19,5856,No Report
United States of America,Region of the Americas of WHO,North America,2020,27,6/29/20,7/5/20,6378,6378,,0,0,,9,9,0,0,5,5,14,6364,No Report
United States of America,Region of the Americas of WHO,North America,2020,28,7/6/20,7/12/20,6503,6503,,0,0,,7,7,0,0,6,6,13,6490,No Report
United States of America,Region of the Americas of WHO,North America,2020,29,7/13/20,7/19/20,6339,6339,,0,0,,11,11,0,0,12,12,23,6316,No Report
United States of America,Region of the Americas of WHO,North America,2020,30,7/20/20,7/26/20,6212,6212,,0,0,,7,7,0,0,4,4,11,6201,No Report
United States of America,Region of the Americas of WHO,North America,2020,31,7/27/20,8/2/20,6233,6233,,0,0,,3,3,0,0,5,5,8,6225,No Report
United States of America,Region of the Americas of WHO,North America,2020,32,8/3/20,8/9/20,6412,6412,,0,0,,7,7,0,0,4,4,11,6401,No Report
United States of America,Region of the Americas of WHO,North America,2020,33,8/10/20,8/16/20,6163,6163,,0,0,,4,4,0,0,5,5,9,6154,No Report
United States of America,Region of the Americas of WHO,North America,2020,34,8/17/20,8/23/20,6349,6349,,0,0,,6,6,0,0,8,8,14,6335,No Report
United States of America,Region of the Americas of WHO,North America,2020,35,8/24/20,8/30/20,8657,8657,,0,0,,7,7,0,0,13,13,20,8637,No Report
United States of America,Region of the Americas of WHO,North America,2020,36,8/31/20,9/6/20,8561,8561,,0,0,,8,8,0,0,6,6,14,8547,No Report
United States of America,Region of the Americas of WHO,North America,2020,37,9/7/20,9/13/20,6603,6603,,0,1,,7,8,0,0,6,6,14,6589,No Report
United States of America,Region of the Americas of WHO,North America,2020,38,9/14/20,9/20/20,7539,7539,,0,0,,15,15,0,0,18,18,33,7506,No Report
United States of America,Region of the Americas of WHO,North America,2020,39,9/21/20,9/27/20,9814,9814,,0,0,,14,14,0,0,10,10,24,9790,No Report
United States of America,Region of the Americas of WHO,North America,2020,40,9/28/20,10/4/20,23541,23541,,0,0,,22,22,0,0,23,23,45,23496,No Report
United States of America,Region of the Americas of WHO,North America,2020,41,10/5/20,10/11/20,26843,26843,,3,2,,33,38,0,1,33,34,72,26771,No Report
United States of America,Region of the Americas of WHO,North America,2020,42,10/12/20,10/18/20,26166,26166,,0,1,,31,32,0,0,31,31,63,26103,No Report
United States of America,Region of the Americas of WHO,North America,2020,43,10/19/20,10/25/20,31984,31984,,1,1,,31,33,0,0,24,24,57,31927,No Report
United States of America,Region of the Americas of WHO,North America,2020,44,10/26/20,11/1/20,40636,40636,,0,1,,29,30,2,1,32,35,65,40571,No Report
United States of America,Region of the Americas of WHO,North America,2020,45,11/2/20,11/8/20,53261,53261,,0,1,,36,37,0,0,32,32,69,53192,No Report
United States of America,Region of the Americas of WHO,North America,2020,46,11/9/20,11/15/20,60317,60317,,3,4,,38,45,1,0,48,49,94,60223,No Report
United States of America,Region of the Americas of WHO,North America,2020,47,11/16/20,11/22/20,57610,57610,,0,3,,34,37,2,0,56,58,95,57515,No Report
United States of America,Region of the Americas of WHO,North America,2020,48,11/23/20,11/29/20,46278,46278,,2,0,,25,27,0,1,38,39,66,46212,No Report
United States of America,Region of the Americas of WHO,North America,2020,49,11/30/20,12/6/20,59843,59843,,0,0,,36,36,3,2,69,74,110,59733,No Report
United States of America,Region of the Americas of WHO,North America,2020,50,12/7/20,12/13/20,58029,58029,,3,3,,34,40,0,2,77,79,119,57910,No Report
United States of America,Region of the Americas of WHO,North America,2020,51,12/14/20,12/20/20,55866,55866,,0,0,,42,42,0,0,85,85,127,55739,No Report
United States of America,Region of the Americas of WHO,North America,2020,52,12/21/20,12/27/20,48699,48699,,0,0,,36,36,0,0,69,69,105,48594,No Report
United States of America,Region of the Americas of WHO,North America,2020,53,12/28/20,1/3/21,51556,51556,,1,1,,40,42,0,0,76,76,118,51438,No Report
United States of America,Region of the Americas of WHO,North America,2021,1,1/4/21,1/10/21,62227,62227,,0,0,,34,34,0,1,98,99,133,62094,No Report
United States of America,Region of the Americas of WHO,North America,2021,2,1/11/21,1/17/21,57277,57277,,0,0,,28,28,0,1,51,52,80,57196,No Report
United States of America,Region of the Americas of WHO,North America,2021,3,1/18/21,1/24/21,52732,52732,,0,1,,23,24,0,0,63,63,87,52645,No Report
United States of America,Region of the Americas of WHO,North America,2021,4,1/25/21,1/31/21,49530,49530,,1,0,,14,15,0,0,51,51,66,49464,No Report
United States of America,Region of the Americas of WHO,North America,2021,5,2/1/21,2/7/21,52690,52690,,0,0,,25,25,0,0,56,56,81,52609,No Report
United States of America,Region of the Americas of WHO,North America,2021,6,2/8/21,2/14/21,51095,51095,,0,0,,13,13,0,1,36,37,50,51045,No Report
United States of America,Region of the Americas of WHO,North America,2021,7,2/15/21,2/21/21,45777,45777,,0,0,,22,22,0,0,23,23,45,45732,No Report
United States of America,Region of the Americas of WHO,North America,2021,8,2/22/21,2/28/21,50605,50605,,1,1,,18,20,0,0,28,28,48,50557,No Report
United States of America,Region of the Americas of WHO,North America,2021,9,3/1/21,3/7/21,48586,48586,,0,0,,16,16,0,0,17,17,33,48553,No Report
United States of America,Region of the Americas of WHO,North America,2021,10,3/8/21,3/14/21,50653,50653,,1,0,,16,17,0,1,22,23,40,50613,No Report
United States of America,Region of the Americas of WHO,North America,2021,11,3/15/21,3/21/21,48829,48829,,0,1,,30,31,0,0,21,21,52,48777,No Report
United States of America,Region of the Americas of WHO,North America,2021,12,3/22/21,3/28/21,50577,50577,,0,0,,14,14,0,0,17,17,31,50546,No Report
United States of America,Region of the Americas of WHO,North America,2021,13,3/29/21,4/4/21,45639,45639,,0,0,,18,18,0,0,10,10,28,45611,No Report
United States of America,Region of the Americas of WHO,North America,2021,14,4/5/21,4/11/21,45536,45536,,1,0,,10,11,0,0,14,14,25,45511,No Report
United States of America,Region of the Americas of WHO,North America,2021,15,4/12/21,4/18/21,45663,45663,,1,1,,11,13,0,0,15,15,28,45635,No Report
United States of America,Region of the Americas of WHO,North America,2021,16,4/19/21,4/25/21,42798,42798,,0,0,,12,12,0,0,17,17,29,42769,No Report
United States of America,Region of the Americas of WHO,North America,2021,17,4/26/21,5/2/21,43914,43914,,0,0,,17,17,0,0,10,10,27,43887,No Report
United States of America,Region of the Americas of WHO,North America,2021,18,5/3/21,5/9/21,40830,40830,,0,0,,10,10,0,1,15,16,26,40804,No Report
United States of America,Region of the Americas of WHO,North America,2021,19,5/10/21,5/16/21,38288,38288,,0,0,,17,17,0,0,13,13,30,38258,No Report
United States of America,Region of the Americas of WHO,North America,2021,20,5/17/21,5/23/21,38337,38337,,0,0,,24,24,0,5,20,25,49,38288,No Report
United States of America,Region of the Americas of WHO,North America,2021,21,5/24/21,5/30/21,33341,33341,,0,0,,14,14,0,0,23,23,37,33304,No Report
United States of America,Region of the Americas of WHO,North America,2021,22,5/31/21,6/6/21,30526,30526,,1,0,,9,10,0,0,16,16,26,30500,No Report
United States of America,Region of the Americas of WHO,North America,2021,23,6/7/21,6/13/21,30748,30748,,0,0,,10,10,0,0,18,18,28,30720,No Report
United States of America,Region of the Americas of WHO,North America,2021,24,6/14/21,6/20/21,29855,29855,,0,0,,17,17,0,0,12,12,29,29826,No Report
United States of America,Region of the Americas of WHO,North America,2021,25,6/21/21,6/27/21,28254,28254,,1,0,,12,13,0,0,17,17,30,28224,No Report
United States of America,Region of the Americas of WHO,North America,2021,26,6/28/21,7/4/21,29892,29892,,0,0,,4,4,0,0,13,13,17,29875,No Report
United States of America,Region of the Americas of WHO,North America,2021,27,7/5/21,7/11/21,31376,31376,,1,1,,6,8,0,0,10,10,18,31358,No Report
United States of America,Region of the Americas of WHO,North America,2021,28,7/12/21,7/18/21,34726,34726,,0,3,,14,17,0,1,18,19,36,34690,No Report
United States of America,Region of the Americas of WHO,North America,2021,29,7/19/21,7/25/21,35717,35717,,0,2,,5,7,0,0,13,13,20,35697,No Report
United States of America,Region of the Americas of WHO,North America,2021,30,7/26/21,8/1/21,38656,38656,,1,1,,12,14,0,0,11,11,25,38631,No Report
United States of America,Region of the Americas of WHO,North America,2021,31,8/2/21,8/8/21,40590,40590,,0,2,,17,19,0,0,18,18,37,40553,No Report
United States of America,Region of the Americas of WHO,North America,2021,32,8/9/21,8/15/21,48355,48355,,0,1,,11,12,0,0,11,11,23,48332,No Report
United States of America,Region of the Americas of WHO,North America,2021,33,8/16/21,8/22/21,49987,49987,,0,2,,13,15,0,0,9,9,24,49963,No Report
United States of America,Region of the Americas of WHO,North America,2021,34,8/23/21,8/29/21,55667,55667,,1,0,,16,17,0,0,10,10,27,55640,No Report